0,1,2,3,4,5,y
-0.6898280113662054,-0.20759030568517575,-0.46936545422593745,1.051706756559812,-0.5146389431959753,-0.4200681923084777,0
0.4434945840577979,-0.018381815666338116,1.252960306819399,-1.0289195659147752,-0.5108648641217158,-0.17854947688950043,0
-0.7432711720466614,-0.26483434438705444,0.9853202700614929,-0.8868107199668884,-0.12856532633304596,-0.441051185131073,1
-0.4937775135040283,0.7574662566184998,0.9445425271987915,-0.6481330990791321,-0.320781409740448,-0.5280693769454956,1
-1.1321774503599964,-1.0344918876622267,-1.2469107017580312,1.9230989806563212,-0.5173335908884865,-0.41333641189771325,0
0.038316773432702345,0.5303635917939383,0.847579379148772,-0.43830096975012434,-0.517432412232065,-0.4020613269460008,0
-0.7426119821624294,-0.041398418405943695,1.2196509344422573,-0.8474512551527384,-0.517432412232065,-0.4174217298806577,0
0.3786126043104716,-0.17811262827323085,-1.131773453110786,1.0512892704688763,0.8385940284584755,-0.33508103163875963,0
0.3088158667087555,-0.9999586343765259,-0.8958979845046997,0.9654034972190857,-0.5012210607528687,-0.16550445556640625,1
-0.7264479940055241,-0.03540618337170368,-0.920452254745035,-0.8374836547343668,4.126880429615803,-0.39435331292071285,0
-0.7630842168996562,0.011377569299749963,0.7968903748310239,-0.3792665878462579,-0.5166256176617288,-0.4059932402911045,0
-0.8336870644608441,-0.040551946168585484,-0.9307202676113906,1.4744508660073976,-0.3682715176817256,-0.38459559122053505,0
-0.8464336235855161,-0.9287228530063838,1.2247988334046387,-1.0344832794320948,-0.4868303518320908,-0.1362659804007531,0
-0.4474005699157715,0.25798457860946655,0.9791592955589294,-0.8085392713546753,-0.24540840089321136,-0.4262101352214813,1
-0.5342162452024761,-0.10514839816497726,0.48777049305813286,-0.04346304358998221,-0.48317639751475916,-0.4158397476063168,0
-0.6850588543723994,-1.2351031849933871,0.6937597033208378,-0.2988504752021038,-0.44780722500618775,-0.4071560701078075,0
-0.5286115118800738,-1.0765551093868146,0.2640234776579431,-0.5467147086275486,-0.37203234855126743,0.5623349806991503,0
1.541930852223102,1.9689274445281744,-1.142678650856999,-1.006920184819912,0.09902581998458039,3.8272780540649416,0
-0.9174816011486494,-0.1639333517186573,1.460472679315023,-1.12021441917387,-0.509117472552009,-0.4212749059510542,0
0.8573440077480444,0.5571384022074294,0.48050473587153797,-0.49468445755200563,0.2686670539040311,-0.30375959657446333,0
-0.22065651416778564,-0.780925452709198,0.8511707186698914,-0.5523184537887573,-0.37772390246391296,-0.3883719742298126,1
-0.2056077096858201,1.0809331021009916,1.3316612963814405,-0.9719726523765402,-0.517432412232065,-0.41982766414999756,0
-0.6289946289832534,-0.16568356686757546,-0.6211583247870381,0.852829256124186,-0.18698138006857978,-0.07793563452288052,0
-0.0859727203364852,-0.8393359366844682,-0.2179061672188869,-0.39873702358771235,0.1504037547472478,0.900871594479819,0
-0.24771773494859667,-0.028544058589187682,0.7004376620719052,-0.8079820778729085,0.423577670807409,-0.3129028958581511,0
-0.06585740356487009,-0.7200022954314748,-1.2072747683945835,1.3564148153034676,-0.310903281920306,0.2933220915405854,0
-0.21652467833385938,0.43230219893299626,1.4537082180697607,-1.1133594129743691,-0.517432412232065,-0.41275527224718045,0
-0.21408211830485943,-0.8135393135953478,-1.1641409272319976,-0.2875484959495879,-0.5159325508860902,3.182320890773309,0
2.3651963985456983,-0.17992776739750452,0.8511868439589095,-0.7364976627948032,-0.48580660245415963,-0.015372955385009069,0
-0.17803626856022434,0.7233708207822709,0.8723716416957176,-0.6940309272746095,-0.1549751162061693,-0.33065177529874534,0
-0.3363814388641676,-0.87385355614814,-1.258832944157027,1.5434150985071724,-0.5048618131630517,0.24383801822497236,0
-0.7603520154953003,-0.43866509199142456,0.9938623905181885,-0.9415944814682007,-0.006729046814143658,-0.40432310104370117,1
0.058996819565419745,-0.3940482592230698,-1.1903106958320886,1.063241361675983,0.85528922179246,-0.25660947646726906,0
0.32196907824267196,0.690596799879723,-1.2124844756946644,-0.9009478782975803,-0.517432412232065,4.317722130369529,0
-1.3631938618394912,-1.4716389618280747,1.238716053659657,-1.1120338234869565,-0.517432412232065,-0.004468101776137564,0
1.7047042267332844,1.1308878493032797,-1.2289059662125956,1.4456173684816649,0.22604420544015424,-0.2840584040764877,0
0.39388224641980935,-0.5257843484599111,1.305299129806536,-0.9952426707098583,-0.4882552693420271,-0.3553889846202607,0
-0.36304074994069463,-0.5189933326946908,-1.076971159507664,1.735791253228864,-0.5163378920366605,-0.42016325829364176,0
-0.025375604742855603,-1.2188842663629336,-0.4930802276023019,0.6732620171954851,0.03657657144284082,-0.22069235071543206,0
0.6545131403312979,0.07112736125444448,0.8818773960561728,-0.4790907462990994,-0.5155390095191595,-0.39968858140734753,0
-0.5248384473420387,-0.03988567705524107,-0.16891087530708263,0.6554609502016123,-0.4004680257807428,-0.4203073704416215,0
-0.6759533286094666,-0.5072500109672546,0.9963074326515198,-0.9517903923988342,0.04000939428806305,-0.447754830121994,1
0.5450586484498777,-0.5638605580489291,-1.1149638523539411,-0.28804076950335017,-0.5027191901809968,3.075948561748846,0
-0.7461416958731825,-0.6420926832026053,1.397855664482919,-1.0502269884398097,-0.5146349948181843,-0.4157616889388179,0
0.5607286691665649,0.9999749660491943,-0.8093148469924927,0.7509973645210266,-0.4003778100013733,-0.47102776169776917,1
0.6232985498562934,2.022386444396452,0.86342053023699,-0.9198638844139508,-0.5173023074624453,0.38568858384174975,0
-0.2933432232871246,-0.3754306699852709,1.3075822073000156,-0.9647057557981943,-0.49959411197470227,-0.4017320040943044,0
2.7742374397636227,1.9885617702360137,1.3083442412918498,-0.9574064426680542,-0.5163125099779616,-0.4017818278322524,0
-0.6869006492625804,-0.0660527223673293,-0.1822519726824247,0.7042921296438058,-0.517432412232065,-0.37875598381922404,0
-0.5780705809593201,-0.9215644001960754,0.7914194464683533,-0.1791667491197586,-0.3799630105495453,-0.3626082241535187,1
0.5076870052914533,0.1463590240672756,-1.1210800675955643,1.1703095052373946,0.5920125175212083,-0.34125456615666605,0
-0.06733140315005244,-0.5774487599387177,0.9737449797791095,-0.9016414641957845,0.12303774642100455,-0.41466627674371753,0
-0.31220730308456124,-0.08785569874691022,-0.969674053869329,1.5947959624781065,-0.4932266074374258,-0.40572730907104493,0
0.45273518562316895,-0.999992311000824,-0.7212579250335693,0.9092310070991516,-0.436755895614624,-0.08211549371480942,1
2.683853908482851,1.6984811742713943,0.024966656271345495,0.4007019681582878,-0.41886436720666015,-0.34182213759865987,0
0.5325195867077663,1.4257973197963145,-0.35506133182592625,0.9185712777152555,-0.5057307548745975,-0.4199860698165096,0
-0.28000726000061554,0.8117385301656629,0.681487054646371,-0.42879412349778395,-0.20702571217151808,-0.4214794769007236,0
0.322909447824216,-0.15434202793222931,-1.2438479607797042,-0.7783433681079274,-0.5105174557791596,4.1633592468855,0
1.3314754894954566,0.026216553072529288,0.23229913776453978,-0.0702309414369578,0.11980247179707373,-0.41802774574337537,0
-0.8834854799059695,-1.419556421325556,1.4393211937497354,-1.1002441318285412,-0.517432412232065,-0.4075571326352442,0
-0.8819958798988637,-0.016651842917787617,-1.2209340660659467,1.8440067938360136,-0.4877629957651228,-0.3539465205141081,0
0.43634876468523437,-0.0005012179175861956,0.5259914398473271,-0.8175231864182284,0.8433261736948132,-0.32931592005967864,0
0.03325358442948366,1.4826820583926494,-1.1173921495850412,1.774232008503668,-0.517432412232065,-0.407310323424459,0
-0.9446935572258941,-1.202821792342373,1.2489329520653412,-0.9379289456642453,-0.517432412232065,-0.3196725225266663,0
0.794567346572876,0.9022639393806458,-0.9409530162811279,0.9513022303581238,-0.40723612904548645,-0.2202937752008438,1
-0.48173150420188904,-0.7350034117698669,0.904859721660614,-0.6926280856132507,-0.2771904170513153,-0.40474724769592285,1
-0.9458389534562323,-1.3217577673332583,1.468814203481682,-1.1276641025872174,-0.517432412232065,-0.4185940680695334,0
0.38288089632987976,0.9940720200538635,0.9969589114189148,-0.8206271529197693,-0.14251106977462769,-0.529564380645752,1
1.3732075140330182,1.5826597534377274,0.34138160846882576,-0.49195400946516976,-0.4139502844436539,0.5108628244007606,0
1.3785376149278086,0.8250550062168662,-1.0490342808962265,0.7537991439457625,1.1856412209200555,-0.3068544147113725,0
0.9093302488327026,-0.9359034299850464,0.5513514876365662,-0.1074175015091896,-0.30479103326797485,-0.272103488445282,1
-0.692223384553283,-1.1549505272337144,-1.20524975110611,1.4835813281907022,-0.08895745733686133,-0.11924375473429662,0
-0.7816428032157451,-1.4361628562645243,1.1966317138870584,-0.876002082937255,-0.517432412232065,-0.3249754462386715,0
-0.5836090459822607,-0.2800035764174768,0.8274800288779633,-0.48237910641155607,-0.4544853929187962,-0.34342584018384653,0
-0.8913425501911464,-0.547304616421984,-1.2579492707249929,0.8584506042988553,-0.2823808533623003,1.2116246254435032,0
-0.09570999443531036,-0.6173147559165955,0.9997668266296387,-0.9795782566070557,0.09702520817518234,-0.44433996081352234,1
0.889532208442688,0.9999746680259705,0.7727473974227905,-0.1108233705163002,-0.25078079104423523,-0.5664598345756531,1
-0.3732545855953425,-0.7312422577472799,0.932994944414503,-0.559076792410413,-0.4555946190147091,-0.41381832786076744,0
0.03285299261906855,1.0396789531150563,1.0293175126624372,-0.6494111336419226,-0.5028743464320473,-0.4030006052239909,0
-0.4816952645778656,-0.372559517621994,0.8544266223907471,-0.43212246894836426,-0.38570159673690796,-0.4328244626522064,1
-0.04021651375100607,-1.186759272438712,-0.8574513422943713,1.4222976703642287,-0.5160406173719244,-0.3071780636994435,0
-0.19565512756116912,-0.35759731837093517,-1.2666701601290649,-0.6121777683353258,-0.51263721382347,3.9265754799935815,0
0.006163924220819426,-0.14632432931192146,-1.2203028394376583,1.8306898994063223,-0.47013584235762135,-0.4067537919960852,0
-1.1547974466512667,-0.9010910619019833,-0.6867277586722678,-1.0612060352226835,3.9536012268887863,-0.3097184822064508,0
0.6772078275680542,0.9485903382301331,0.4157067537307739,0.11935514956712723,-0.4118324816226959,-0.41368699073791504,1
-0.513651332036627,-0.7143026954705805,-0.5824244070502661,1.1265818607317537,-0.504621651457842,-0.340070253216295,0
-0.6867050536370185,-1.1844923511777607,1.126429496000176,-0.9340975643733193,-0.5166227809847562,-0.0929584679435135,0
-0.10264391733735999,-0.18691207581763394,0.9533236505058923,-1.0748812197232596,0.3273313802082626,-0.25869456968789134,0
-0.15071331585232972,-0.8717531504093875,0.6578411411356043,-0.5454210964254256,-0.03842204321829097,-0.27494343973977564,0
-0.3117279655920056,-0.6795779563879143,0.9802216810434453,-0.5979588215852312,-0.517432412232065,-0.3839501417826026,0
0.22435116404599156,-0.2608918775769516,0.6556896461975054,-0.30824851764091676,-0.5170363056843039,-0.2566204574464699,0
0.17298336434359754,-0.34017543783654963,-1.1393221279468366,1.5794550570235781,-0.29633282185163995,-0.35624625595631926,0
0.31651854834204884,1.4002962389337834,-0.9122574119108111,1.5254858022764115,-0.48341461165070415,-0.4062022258084059,0
-0.19934109316840484,1.010249440723086,1.1081285363759592,-0.9091200055986154,-0.18878345901947977,-0.38608291009821344,0
-0.30343514680862427,-0.8912745118141174,0.5454953908920288,-0.11109846830368042,-0.45623618364334106,-0.38604411482810974,1
-0.3223612924173543,2.004260923881071,1.1590108995172752,-0.8019411608222538,-0.5173317987007761,-0.3790071923274048,0
0.3490510260269973,0.9839973501666599,-0.9137719906714443,-0.43462905523890977,3.2116154572881097,-0.2938262089079438,0
0.9084688313837085,1.4443848366383067,0.8755455841337876,-0.558914513453771,-0.4534720618740811,-0.30610685782017616,0
0.5103570818901062,-1.0,-0.9907233715057373,0.9729543328285217,0.6794290542602539,0.49763578176498413,1
0.5790063142776489,-0.9999660849571228,-0.5709129571914673,0.8374994397163391,-0.48736366629600525,-0.16052258014678955,1
-0.6569545196052882,-1.3077350343737204,-1.072810672584003,-0.743803075695116,2.90429796475889,-0.14643488994957754,0
-0.719947874546051,-0.5333210825920105,0.9889419674873352,-0.9255579710006714,-0.06818554550409317,-0.4015200138092041,1
-1.0063951704881042,-0.9978058393563102,0.552912653042332,-0.09529230142810001,-0.517432412232065,-0.42169614077567696,0
0.05229618772864342,-0.9636547565460205,0.4456789195537567,0.12830084562301636,-0.5545055270195007,-0.36733976006507874,1
0.7673457264900208,0.48598307371139526,0.9804827570915222,-0.6795763969421387,-0.33576700091362,-0.4063563942909241,1
-0.855122447013855,-0.47563162446022034,0.9892098307609558,-0.9576921463012695,0.19206024706363678,-0.38047730922698975,1
0.2576702833175659,-1.0,-0.9816886782646179,0.9948906898498535,-0.3244340419769287,0.03810649365186691,1
-0.9830378690437932,-0.2635776785091385,1.401105297840023,-1.0634911329162382,-0.5160947973540497,-0.3981676458125618,0
-0.0641799643399829,-0.3497529281740809,-0.9563405891478286,1.598081807552689,-0.5163846232800191,-0.4165909997373062,0
0.7611341278888023,1.1783003729712949,1.336989653814485,-0.9786709790700596,-0.517432412232065,-0.4186261889331702,0
0.26466721296310425,-0.9999954700469971,-0.7597478032112122,0.9343338012695312,-0.5101191401481628,-0.0703236311674118,1
-0.37288991960404055,-1.1373822793641974,0.5118794458079979,-0.9205540687079823,-0.288490930954893,0.6376743150474883,0
2.039046827619851,0.8977676586736023,1.297279986953905,-0.9991915020139857,-0.5094088590387672,-0.3149380922430956,0
-0.377373605966568,0.940647542476654,0.9729962944984436,-0.7600607872009277,-0.17907240986824036,-0.48519423604011536,1
0.5064819112735052,0.3507629826312686,-0.6325851800592074,-0.994183379148509,3.812229877478114,-0.4171630359130695,0
-0.016703687939595098,-0.2688798219242827,0.3332273018278755,-0.21019948558721907,0.15444064762786727,-0.41079841700287145,0
-0.17896424616768428,-0.029750659328872265,0.23632038144907033,0.19341859536611783,-0.4090661524990717,-0.40738071223526234,0
5.321975127975866,2.035739942603743,1.1167697123493714,-0.8387407908849278,-0.5047126285021699,-0.24784527323976274,0
-0.5158583571319273,-1.107133397086995,-1.1941310148163429,-0.43106969979556126,0.8559999442488971,2.2879614117281792,0
-0.8333430120123512,-1.019173818493841,1.1957777560870784,-0.8206928571352451,-0.517432412232065,-0.4172803731445171,0
0.3795796866222435,-0.6237669606491629,-1.0321946926996621,0.28875611534356527,1.5316647868033124,-0.018605332377088783,0
-0.8792433142662048,-0.6525633931159973,0.9997152090072632,-0.9939229488372803,0.522581934928894,-0.4029569923877716,1
-0.6083702606597617,-0.9765399274816079,-0.4689283998106721,-0.7090178865674018,2.4424902624048643,-0.29227443441473155,0
-0.833790541365101,-0.6097130709843884,-0.9514646031007,0.8898351140090709,-0.123037499553098,0.4342363959317579,0
-0.8125998819078187,-0.021080424713070502,-0.6797861555539737,1.2743680503553243,-0.5007723454881234,-0.4085027907760385,0
-1.1608597590921204,-0.7561922434198806,0.9445409891755207,-0.9495551304157703,-0.10365326930634768,-0.0792051204342048,0
-0.6715378433745554,0.45128774616538164,0.6508412204199151,-0.21034720853043748,-0.517432412232065,-0.41328978462430965,0
4.825637141243729,1.9375195568466863,-0.14302151502016328,0.5032357613691829,-0.4081527239042458,-0.20451377129355258,0
0.468010119669785,1.5301491254433757,-1.2418478998922466,-0.5591235616097917,-0.3996445431712488,3.572166959893988,0
0.045315124798595764,1.1929660801329038,0.9207369460385643,-0.7089875337061443,-0.13853328159051462,-0.4127300144889848,0
-0.2663989905418672,0.8817902405422589,1.1007746685479045,-1.0444460203894506,-0.0640016330668696,-0.4186320177031116,0
-1.0378135449895545,-1.1795641577230562,0.830012556063547,-0.44185812129111995,-0.4576333384718515,-0.4143386714000577,0
-0.18477430825464997,0.4736208130632831,1.3014250046660427,-0.9931390617951483,-0.5124342884043683,-0.33049641727756635,0
0.7684878706932068,-0.9830095767974854,-0.06665211915969849,0.5705293416976929,-0.43909966945648193,-0.1738460659980774,1
-1.09900358864787,-1.2885755669432086,1.1258867616872594,-0.8380924842887889,-0.4129634845584347,-0.3452938113174722,0
0.7108317747780285,1.2581611267283566,-1.1891410358604084,1.8372846932989821,-0.5121851475123075,-0.3819610314959813,0
-0.3358476758003235,0.013171082362532616,0.9965454936027527,-0.9203903675079346,-0.19218631088733673,-0.3582876920700073,1
0.3897635340690613,0.6306273937225342,-0.609798014163971,0.8828555941581726,-0.39717331528663635,-0.3324497640132904,1
0.7264832258224487,0.7295842170715332,-0.5634405016899109,0.8947221040725708,-0.41679760813713074,-0.23603631556034088,1
-0.6992148978459944,-1.4225508635589126,-1.1664024670663753,0.6654511447129904,0.004264969636857955,1.1139559003691761,0
0.13975238995260125,1.8870277889425862,-1.1329976996517974,1.7162098502469547,-0.48251555205545066,-0.30939099089105143,0
0.6917214393615723,-0.32528626918792725,0.9982680678367615,-0.9270616173744202,-0.19705785810947418,-0.4319002032279968,1
0.11722913208605903,0.2735537386124451,0.4970026944789199,-0.10947990073377792,-0.38709882574801385,-0.40604286168530096,0
-0.2224448351205373,-0.6055905563871627,1.1188866574031537,-0.7727513862446472,-0.45813379132172943,-0.40354283326852497,0
-0.8970308571895487,-0.19012382922425564,1.335530788892646,-0.9987678666554484,-0.4999808983995739,-0.39691412385769614,0
-0.6963347361037922,-0.7493810611143524,0.42996428237116047,-0.15645701711945517,-0.14370828852745937,-0.42169614077567696,0
-0.24381779620822946,-0.74452097506569,-0.8960784325560867,0.739265621881728,0.987011289353992,-0.3830007372388519,0
0.043991852551698685,0.9940003752708435,0.9765470623970032,-0.683040976524353,-0.27503785490989685,-0.48797091841697693,1
-0.16391848698528524,-0.47223035222047066,-0.6380126919174232,0.5450892441434076,-0.39687151692741857,0.659784960948365,0
0.31830842564672085,-0.09505420783315922,-1.2629894655906886,-1.1172104143414645,0.38623633472371915,3.993675437648787,0
0.27462071163834856,-0.2170658486677145,-0.8369584584371561,1.3008422297822944,-0.20980902244590316,-0.4164285749025834,0
-0.45522427558898926,0.6989578008651733,0.9807702898979187,-0.8154204487800598,-0.19931043684482574,-0.4717186987400055,1
-0.6576275825500488,-0.5975943803787231,0.9981667995452881,-0.9719763994216919,0.15857014060020447,-0.40411946177482605,1
-0.7210238575935364,-0.6083700656890869,0.9413509368896484,-0.8246920108795166,-0.17289519309997559,-0.41995176672935486,1
0.23342550680522425,1.216050276632537,-0.8646960039524404,1.4864962595581104,-0.5172456674530531,-0.4013270825000018,0
-0.6132860492538122,-0.2834740676863844,-0.7122987764251236,-0.7360226932577629,3.1461794866122577,-0.10965622842513749,0
-0.9419927231845296,-0.6486624775755627,-1.2666044720673881,0.8037035317599831,-0.5171441935415761,1.525684828066846,0
-0.3740866144070288,-0.6687494786111022,0.9721906136634282,-1.0504781415431528,0.41516843975833645,-0.4126536175485557,0
-0.32547650707800124,0.655212807515658,1.2311821730914356,-0.8930944028346494,-0.4526227752666753,-0.4183915320494134,0
0.4164113284871321,0.21732134024370858,0.9060168230867855,-0.6126075697695796,-0.3741450764836267,-0.35254030947103776,0
0.9731131792068481,0.9983652234077454,-0.4110238254070282,0.6475410461425781,-0.3386675715446472,-0.24889953434467316,1
0.22734534740447998,0.9960027933120728,0.43942198157310486,0.1774114966392517,-0.3311384916305542,-0.48132771253585815,1
1.0472517090936757,-0.19204443952563613,-1.1058655824497776,1.7309751895930574,-0.4677180986274005,-0.39954190197054473,0
0.0002620917650094673,0.9075596775884779,-1.2636650970067056,1.4249176063274136,0.48770552151732643,-0.41051647554336856,0
0.3969264626502991,-0.48426195979118347,0.9989762902259827,-0.940912127494812,-0.14278137683868408,-0.41418567299842834,1
-0.39251725451453223,-0.5273122838463826,1.3687449728017809,-1.0196815861713429,-0.517432412232065,-0.4096133524625124,0
2.911363888453655,-0.561223114233964,0.49312702027381133,-0.8865647348281189,-0.08689277886160518,0.1759523150736635,0
-0.838592125151052,-0.8046380679689724,0.4539659566942154,-0.9971560488954061,1.4483291880955729,-0.41384184397240836,0
0.22948533763681014,-0.2471107341909161,0.8090365910334815,-0.6915637545264897,0.0770207818291659,-0.41988523792650123,0
-0.44374739235455973,0.6835106970482692,-1.2569153660001688,1.7698385373508048,-0.4672175020194721,-0.17717465893374668,0
-1.079704879804983,-1.323181670803718,-1.2108444338846307,1.6390004538389837,-0.033423144349810266,-0.42090744612988934,0
-0.053925677438781336,1.677478062687514,0.8756937334639481,-0.6070770076647517,-0.23739584626933705,-0.4128614630981032,0
-1.3010702351184518,-1.1925473820015602,1.2903422783439904,-0.9390900677721958,-0.48882905186654096,-0.42169614077567696,0
-0.5957253060786687,-1.2153904273254204,-1.119013817817929,1.4691716664894117,-0.21691786857940043,-0.1479494477280856,0
-1.006543170892701,-1.195487274734459,-0.09790278849965704,0.42997003425824454,-0.32223107933348644,-0.24110231590800066,0
1.5208054304841818,1.0272837130604011,-0.7735641308401865,-0.10514989875536372,-0.4543885605795635,2.0730900783454063,0
-0.6772641539573669,-0.9123209118843079,0.842333197593689,-0.5909968614578247,-0.2813015878200531,-0.32062003016471863,1
-0.7387260608006168,-1.174541512131938,0.8634282002640419,-0.4522947183405546,-0.5161278455652405,-0.40945544656827476,0
-0.004533170256763697,-0.9992225170135498,-0.27863502502441406,0.5885120034217834,-0.48542433977127075,-0.22191797196865082,1
-0.8178243785598966,-0.4846322080064354,0.8940399454508435,-0.7003971956804723,-0.4985463788516102,-0.06185892274333527,0
-0.2467673996926437,-0.3710970821140517,0.9730640022352474,-0.6736633592942137,-0.3298222395078351,-0.40517451234369384,0
-0.7609145995409753,-0.7713234438121296,-0.7337754872408789,-1.13364279043271,4.324686405923365,-0.42025304424035065,0
-0.7436620593070984,-0.5823599696159363,0.9978461265563965,-0.9782442450523376,0.3097127676010132,-0.3732268512248993,1
-1.0601958270036576,-1.3090666637479553,0.9614715031231477,-0.5554258753757167,-0.5159247015279053,-0.42169614077567696,0
-0.31075554127496813,-0.32114238752438556,0.8348061009302928,-0.6127573171020055,-0.1359066433804903,-0.41356578874301486,0
-0.4274618923664093,0.9860225915908813,0.9966281652450562,-0.8800210356712341,-0.10851923376321793,-0.5108779072761536,1
1.2667748864644512,1.0467755674589347,1.216279836502114,-0.9946743023370344,-0.43999580509471936,-0.22889732005004013,0
0.7138729095458984,-0.6150503754615784,0.9890094995498657,-0.8340966701507568,-0.2875675559043884,-0.33064645528793335,1
0.2972569627854927,-0.5112614552014251,0.27726031311921023,-0.906260978888549,1.6184819898856444,-0.3811039776164857,0
-0.373142808675766,-0.9986735582351685,0.31479376554489136,0.3814283311367035,-0.43778160214424133,-0.3521793484687805,1
-0.7557650208473206,-0.9528337121009827,0.9070706963539124,-0.2169422209262848,-0.2954338490962982,-0.33801937103271484,1
-0.9814472115822256,-1.211539786126831,0.7148212329423959,-0.4578980608214733,-0.16645146651569484,-0.42169614077567696,0
-0.9067387294166056,0.062052878170477305,1.2132083219427727,-1.044991231195734,-0.12344424696696013,-0.41290908235964985,0
1.4494198166471945,1.8964150430514732,-1.1033304439485097,1.5409069606120642,-0.4151336578945759,-0.1270862426596692,0
-0.31678623800357203,0.013773642311835178,1.39181551886637,-1.0453433788582114,-0.5139824295094089,-0.4130904921913193,0
0.9970937371253967,0.5055760741233826,0.9968442320823669,-0.9186894297599792,-0.09559503197669983,-0.5064002275466919,1
1.5461998724236077,2.216876278715114,-0.643447900183781,-0.8932141836761937,-0.5029236202717082,3.205341389311508,0
-0.4578595858693258,-0.7968752628189075,-1.2320727961439777,-1.1031910573511494,5.356229613008163,-0.4202242430001756,0
0.6925803518719794,1.7873900876718096,1.3294352932764992,-0.9747847380366056,-0.5109672393064331,-0.41643420620895183,0
0.8827942609786987,0.9992344379425049,-0.26802143454551697,0.4648776948451996,-0.3113096058368683,-0.44024258852005005,1
0.9813818170896322,2.102205838514997,-1.2415100488445698,1.507818763628254,-0.3734448320437858,0.15610263547873093,0
0.806135997725003,0.7191362963602376,-1.0704787091998913,-0.48092193054425547,-0.49969628185100146,3.3177411661226444,0
0.1272363852678045,0.6437113274334547,0.0929442126416238,-0.8403029907789836,1.846634887732223,-0.338894948508497,0
1.619581354785351,1.8363795682308128,0.1491205704725238,0.2939115715994654,-0.517432412232065,-0.3116472416850132,0
-0.8730920960924972,-0.7660115487087039,1.1802025129185512,-0.8111599972344109,-0.49959285862372294,-0.41927277970320764,0
0.26029204478417356,-0.12582999524031716,0.7409276296305722,-0.7293305436084915,0.21412616800616655,-0.34198161480547457,0
0.7590523528531838,0.09027608592170484,-1.1857990616266172,-0.38364214537923896,-0.0030755435886359655,2.938570231208478,0
1.5283084539851157,1.6928707392454836,-1.1612617324110506,0.02890381918099265,2.461075032753121,-0.0997327386530075,0
0.9862563610076904,-0.8373706340789795,-0.8576422333717346,0.9020324349403381,-0.2360454499721527,-0.04803924635052681,1
2.0993811745981366,0.547927747869735,-1.1526946939226885,0.19147725184414788,1.9082732856428046,-0.15110966739558715,0
-0.8038463592529297,-0.4152739942073822,0.9759296774864197,-0.9277665019035339,0.02046811953186989,-0.417321115732193,1
0.9060475826263428,0.9999986886978149,-0.9343576431274414,0.917433500289917,-0.3224678933620453,-0.4715038537979126,1
0.9830847450793091,0.29463597223828353,-1.1939859587514008,1.1632069764875033,0.8247424205537087,-0.39521404976084246,0
0.28287095792744077,-0.13051004946187422,-1.147211627281666,1.5547910189462573,-0.02099619649135788,-0.41022638161423364,0
0.8285450545689056,-0.47869202887908757,0.4772470392442621,-0.052816953293566,-0.5112021571250867,-0.3547761889824643,0
0.553378083035614,-0.0823257133139962,-1.0874708267020083,1.6510302714573515,-0.5167625958367864,-0.2557879379042779,0
0.030734042562497906,1.9978030536844675,1.1380906766307142,-0.9125378478014091,-0.2131435308972364,-0.4162671914874908,0
-0.724497377872467,0.05734721198678017,0.9984982013702393,-0.9568285942077637,-0.0002627316862344742,-0.45086905360221863,1
0.15726207196712494,-0.9834156036376953,0.5167818665504456,0.07405035942792892,-0.44310182332992554,-0.35115140676498413,1
-0.2529011041988398,-1.442817624304183,-1.16983184951763,0.750624871389177,1.5376337625871177,-0.39270259988938555,0
-0.7843026521705493,-1.1853045346682687,-0.3624219155649524,0.30283573764669236,0.25884949262707113,-0.026369979563800706,0
0.15840810540698025,0.4647059370972021,-1.1495080552828758,1.707106326776443,-0.3157701623568071,-0.4076894933130208,0
0.6333538315139273,-0.07873657935928037,0.2282845270004693,0.10540648160418821,-0.24351523790205287,-0.3813301670754246,0
-0.3215057604048396,-0.3237150725431564,-1.1989171243652945,1.8728543894776113,-0.5159540175102968,-0.42041978666883273,0
1.2744893306168381,0.8445911469839501,-1.1730272012817928,1.5998706616094163,-0.17722355245980329,-0.30136963964271707,0
-0.9153105331475736,-1.3875882737024778,0.7597152708967894,-0.339134489684612,-0.5066518479958292,-0.4118549377948632,0
-0.572092169331729,-0.2000890953851177,1.1785077719249089,-0.9592132819645381,-0.5170491912116106,-0.1493772441162006,0
1.510693791437101,0.49250783153754624,-0.22849199032585898,0.20064611748168729,0.4571216437102507,-0.3955109541629541,0
-0.5400122848636072,-0.6180365162328251,0.7896457381800295,-0.9525416864777383,0.49558907689380277,-0.3010317633596133,0
-0.27883845567703247,-0.9942835569381714,0.34978291392326355,0.10299401730298996,-0.38335558772087097,-0.34835943579673767,1
-0.4672097823177076,-0.5949454874336488,0.11415957451976691,-0.819665150865506,1.2398416375264971,-0.39803316419864637,0
0.9998822808265686,0.9923647046089172,0.5970284938812256,-0.3803662359714508,0.04595267027616501,-0.5616567134857178,1
0.9786795377731323,0.9386714100837708,0.9177073836326599,-0.5722754001617432,-0.23166105151176453,-0.473135381937027,1
-0.5560528106894362,-1.4282811761989858,-0.5233826808924575,0.8997807422965053,-0.18109754301776312,-0.3495109255041955,0
0.0018150902976400082,1.082917850859048,-1.2592210200730434,1.8769556815125195,-0.5173024568214587,-0.31105702652890693,0
-0.4096037745475769,-0.3714509606361389,0.9084470868110657,-0.7696746587753296,-0.2796805500984192,-0.44060495495796204,1
-0.7332219834035141,-0.04301933008360879,-0.4901119186142319,-0.8712193571480743,3.201335900878892,-0.3523776099819592,0
1.8084903264713295,0.6630433459103751,-1.1881910472936894,1.7930605389147285,-0.516644971699051,-0.3232536356686599,0
0.49319057405527905,0.729516202593854,1.220690446110471,-0.8778241046893357,-0.5161164617584983,-0.36896895543929253,0
0.37487906217575073,0.9994274973869324,0.5839048027992249,-0.038687676191329956,-0.35916972160339355,-0.5149441361427307,1
-0.6411681234340352,-0.013501284108117467,-1.2206820424588496,1.0424543239998418,-0.3584245715245066,0.8942120103301119,0
0.33545202016830444,-0.9999999403953552,-0.947858989238739,0.9785856008529663,-0.2085527777671814,0.13664115965366364,1
0.9784057140350342,-0.8142971992492676,-0.9646099805831909,0.9555093050003052,-0.35518303513526917,-0.031238848343491554,1
-0.9945103636980895,-0.40678392007074793,1.4618422332558176,-1.1180047997134335,-0.5168657834622663,-0.42089170781609975,0
-0.9309777633948533,-0.02298368263763731,-1.1952632718438068,-0.9988855334439044,5.023532930918533,-0.3767301882850968,0
0.9719412922859192,0.9993782043457031,-0.9788295030593872,0.9735515117645264,-0.3107941746711731,-0.22995290160179138,1
-0.09965122450121015,0.011010582803343594,0.5141940800313155,-0.44135709886605157,0.213953006104468,-0.39973032325459146,0
-1.1301445619280228,-1.3601872426586805,0.8231181228833959,-0.4181576529280314,-0.4885913904793966,-0.41445151487903903,0
-0.10633958131074905,0.9914916753768921,0.9131458401679993,-0.5097442865371704,-0.28649255633354187,-0.48780199885368347,1
0.3607916533946991,-0.4796338379383087,0.9635939002037048,-0.8065366148948669,-0.3068832457065582,-0.407825231552124,1
-0.36613093910476596,-0.17302138194097444,0.7350730491491809,-0.33879795289929315,-0.4437347478826449,-0.42169614077567696,0
0.27679820203303346,1.4191050811697332,0.25563568600625464,-1.0708291136722818,2.024705673355877,-0.41235173552164034,0
-0.9034122366000408,-0.9380830557851522,0.7124178642747663,-0.5783483519954631,0.05706017268030968,-0.4065112888345506,0
-1.0357860870705091,-1.0538070327819018,-0.0059416857370518964,0.037218557255449494,0.39843077667068344,-0.38556380580945143,0
-0.16527030633868078,0.627315739289496,0.8119705688804377,-0.38987606130737523,-0.5156100073864236,-0.41765572710069543,0
-0.5779019594192505,-0.5592807531356812,0.9945956468582153,-0.9537785053253174,0.04087403416633606,-0.41734668612480164,1
-0.4107988774776459,-0.6577206254005432,0.9182093143463135,-0.7079776525497437,-0.39330989122390747,-0.41501685976982117,1
0.9970647692680359,0.9995390772819519,-0.4555518627166748,0.5298382639884949,-0.25623923540115356,-0.3468799591064453,1
0.2613525666724413,0.5555477476815224,-1.0841811229702276,1.475511855435593,-0.49185334417642695,-0.2168218475444808,0
-0.10842932015657425,-0.9999991059303284,-0.9000075459480286,0.9663203358650208,-0.4772006571292877,-0.17457392811775208,1
-1.026576272517848,-1.1399755416687916,1.3136028484975169,-1.0015029292806317,-0.517432412232065,-0.335190760881583,0
1.009540442565226,2.003835651164507,0.8578385238469142,-0.6354731197120481,-0.2824046452293093,-0.29132224139986695,0
0.16594560363398284,1.0603703973155265,-1.2351275005080258,1.3152038672370507,0.312296574289189,-0.12584012272889838,0
-0.5354393039325811,-0.12051777834341365,0.6684503780093672,-0.3490008655445623,-0.30837921408554836,-0.39358025100893573,0
-0.1614595440256775,1.995247229175673,1.351841258468937,-1.111038943899389,-0.2943010148260001,-0.42057723587280316,0
0.9216179759043276,1.736279649170993,-1.2333477191096491,-0.3003571030788392,2.622828549118104,0.5964152922145262,0
1.3194120897443868,2.007408127718437,-1.2345393353753504,1.069643494398336,1.092696375203572,-0.3909361016808484,0
0.9687437880979533,2.0438222140407443,-0.9888612785104075,1.5582497577349945,-0.4130515223016937,-0.3795433656444783,0
-0.1389845460653305,-0.8160611391067505,0.5516793131828308,-0.2908957004547119,-0.482134073972702,-0.41958826780319214,1
1.7386222972862757,1.8958101080197056,-0.8807512664385853,1.058186987078625,-0.5016457231021431,0.3431670488202873,0
-0.6508272215396905,-0.18005714183461957,1.1676042289875133,-0.7906849101490234,-0.517432412232065,-0.41444622088222327,0
-0.9992284260834421,-1.10520295666782,1.3764496071720638,-1.0294867016409657,-0.5101280611122905,-0.41403737704110755,0
0.996730387210846,-0.9868138432502747,-0.9806522130966187,0.9771068096160889,-0.037966612726449966,0.1300792247056961,1
0.4147246778011322,0.8338854312896729,0.8527036309242249,-0.30501678586006165,-0.38563272356987,-0.4168272614479065,1
-0.13405485151694957,-1.0261480794938123,-0.5138069864157385,-0.42046023035108915,2.4143981669159307,-0.42101211405022126,0
1.2079062137629901,0.6434835698405896,1.0161531592453557,-0.7227016684808608,-0.3682377692297085,-0.3706983395743025,0
0.513022328318606,0.9574055374638873,0.9757180261558235,-0.7542106997554237,-0.17691133466667422,-0.40685285091194046,0
-1.1321880730821254,-1.4204777571637308,-1.2119309266188725,1.8753499049105264,-0.517432412232065,-0.39851943789886496,0
0.6316443681716919,-0.9999829530715942,-0.9485918879508972,0.9780660271644592,-0.4496888518333435,-0.025713814422488213,1
1.1996403659704142,0.23485882783797696,1.1818579787899721,-0.8805849235269492,-0.4305810701359409,-0.3647328723654597,0
1.5004741577193736,1.4186733138532446,-1.2375274399087866,-0.6049393221805593,-0.5099616044064634,3.8089355200442645,0
0.8750606650124206,1.1017095022266972,1.2418094068148866,-0.9744902345169396,-0.3377617286905618,-0.4005240831060235,0
-0.6564858228608623,0.25852092871724225,-0.9287721862645073,1.4069647583427263,-0.48140480568954724,-0.17512484431472666,0
-1.203382739748445,-0.8435605515803546,1.0854161037123005,-0.6940085601220599,-0.517432412232065,-0.42169614077567696,0
-0.3831770718097687,-0.9850475788116455,0.3041309714317322,0.05196112021803856,-0.4487001597881317,-0.35910388827323914,1
-0.860409140586853,-0.4440252184867859,0.9848356246948242,-0.9512534141540527,0.06624211370944977,-0.39053571224212646,1
-0.5480890317986222,-0.03014140715356252,-1.2409957720880083,1.1220658781910058,0.7307911895888894,-0.15125314732429326,0
-0.46280840039253235,-0.638958215713501,0.9874283075332642,-0.8932488560676575,-0.15285243093967438,-0.4132404327392578,1
1.6126637851383616,0.9594483889097002,-1.182404321668296,1.1579594346225361,0.692469984902036,-0.37838536479079266,0
-0.587877728195256,-1.0090353049646377,-0.6910038681415955,1.288082029407794,-0.5048828817575326,-0.4067918711905354,0
0.2818237841129303,0.7912665605545044,0.9746525883674622,-0.7445718050003052,-0.2690185010433197,-0.40155476331710815,1
0.9123889803886414,0.9844984412193298,-0.6444963216781616,0.7525734305381775,-0.415448397397995,-0.3477514982223511,1
-0.015773332702661465,0.18776926736092686,1.009905199616854,-0.64772657795864,-0.517051574812834,-0.3564400334725784,0
-0.7301156675484329,-1.050571497246657,1.221158000637968,-0.8484949882387011,-0.5162464641449234,-0.41956023298341444,0
-0.7946116304982257,0.3654931512665809,1.2208148978023223,-0.9894750496935989,-0.25318257171518044,-0.4087156031930067,0
2.5591955026979307,2.2681669619406226,-0.7186092586868111,0.4268126940242087,0.5954075930399298,0.14998237509003226,0
-0.20565347229343842,-0.031667496204071846,1.0677483292649663,-0.8717662463250251,-0.5032980170652879,-0.1036121195511091,0
-1.0130626734509138,-1.34127999096067,-1.1848976105827431,1.8518209377215802,-0.5042153936163267,-0.42169614077567696,0
0.9983146786689758,0.9765738248825073,0.4057950973510742,-0.10355925559997559,-0.14748956263065338,-0.45826661586761475,1
1.8391930082733692,2.198308894154048,-0.4380810135086483,0.9606606293307175,-0.4778375205532886,-0.3572427684973087,0
-0.735758364200592,-0.30241450667381287,0.9789494872093201,-0.861762285232544,-0.11602728068828583,-0.41436734795570374,1
-0.7210631966590881,-0.474567711353302,0.9946904182434082,-0.9561548233032227,0.14761638641357422,-0.41931870579719543,1
0.05221033499449257,-0.15534794822605819,0.6957997422766381,-0.4090605146875812,-0.30085251009457664,-0.35035976971626626,0
-0.7241515509344527,-0.9927181234533344,0.02538839673879341,0.42576272812442373,-0.517432412232065,-0.2993065619050366,0
-0.36814728426485654,-0.6253236127387667,0.8932134984558586,-0.4983962063700835,-0.4808283605997172,-0.41879136519162913,0
-0.8622866272926331,-0.5166552662849426,0.994199812412262,-0.9621425867080688,0.1825072169303894,-0.4079432785511017,1
0.46761787029242835,2.0074691901720594,-0.8746405874060551,1.4906866515987716,-0.5059043575058366,-0.39984377439452795,0
-0.2421513944864273,-0.9995567798614502,-0.36369824409484863,0.6650374531745911,-0.40106257796287537,-0.32974180579185486,1
-0.7101615129558525,0.2856870840475041,1.4627706494832933,-1.1242375518340564,-0.5166500798375361,-0.4122669833480273,0
0.6983858200327029,1.113907600340204,0.4758839909901301,-0.10439547050691111,-0.3751485183957914,-0.3842674030890887,0
0.8938978910446167,0.3319409191608429,0.9782460927963257,-0.7868962287902832,-0.2943914234638214,-0.4486768841743469,1
0.8754199147224426,0.9972121715545654,-0.2749149799346924,0.519014298915863,-0.36413058638572693,-0.39004698395729065,1
-1.2216888895020603,-1.4759111738946844,0.12190575251118953,0.09707512512345694,-0.21354108375818606,-0.19016152888931062,0
-0.7034516459174399,-0.5756847174586497,1.481360025867651,-1.1391851377145796,-0.517432412232065,-0.42169614077567696,0
-0.5476189851760864,-0.53091961145401,0.9393818378448486,-0.8030596375465393,-0.24872353672981262,-0.4071987569332123,1
-0.9308450279483096,-1.1070076756788052,0.8344975573222663,-0.498143178111353,-0.5035190484705686,-0.4147264357030327,0
-0.9652229456511422,-1.1882994566553235,0.6715352787733504,-0.380929438814485,-0.3585180271455272,-0.301557971771672,0
-0.0067115649580955505,0.9996060132980347,0.9159243106842041,-0.2875458002090454,-0.21428081393241882,-0.49879634380340576,1
-0.5393494697243653,0.27989236536051276,-1.1767180409430493,1.2715452280789086,-0.517432412232065,0.5597243065629893,0
0.10628314316272736,-1.0,-0.995171844959259,0.9992766380310059,-0.21497026085853577,0.1589917093515396,1
-0.4509050557107905,-0.8907725165456746,-0.8011025419968607,0.8929066346006341,0.4252727360126179,-0.400931387486911,0
-1.3274969817659112,-1.4538397086986663,-1.1301278903432266,1.7268994563988118,-0.5043926692747882,-0.3139641940826716,0
-0.7434336885651558,-0.8467586956923195,-1.2638512931995152,-0.1556247373257936,-0.45812389369739653,3.098298098691926,0
0.9994297027587891,0.8619980216026306,-0.9999212622642517,0.999524712562561,-0.1669694185256958,0.2685740292072296,1
-0.9507535024923541,-1.4791570087788977,1.0729622499273694,-1.0675152342985677,-0.03313880267000297,-0.18553202134486274,0
0.8537877202033997,-0.9905019402503967,-0.15662626922130585,0.6348990797996521,-0.48866790533065796,-0.1320650428533554,1
-0.6635259602986506,-0.3713452191448103,-1.2230861301760578,1.3496118600064695,0.5540868841589093,-0.4179457517627785,0
-0.37304440603402855,-0.09982934774498095,0.14793917992942784,0.2964004543151771,-0.4581354509533155,-0.3673678508933021,0
-0.17886099954558451,1.0594702748864795,1.3710462581936673,-1.0729723820153,-0.4409648222837533,-0.3901272398279535,0
-0.9858554924612172,-1.2596455647784193,-1.2327743571484207,1.8951011653317515,-0.5173059760932128,-0.396888902779553,0
1.320645316941407,0.26937657418371563,-1.2439772581006627,-0.1439052902117319,-0.13705978361604712,2.760697066060353,0
-0.8195820450782776,-0.4853425621986389,0.9747939705848694,-0.9221130609512329,-0.0026024372782558203,-0.39821019768714905,1
0.8280690645046536,2.290567758412528,-1.2434740801158966,1.713438885641508,-0.17470748280021536,-0.36192102120774666,0
-0.1400722486623411,1.0953472499643233,-1.2020343334453714,1.5644765978790591,0.09275779975218078,-0.42132985949142,0
-0.9028377532958984,-0.48162028193473816,0.9827221632003784,-0.9405977129936218,0.062437672168016434,-0.35928985476493835,1
-0.21424414217472076,-0.6612626910209656,0.9996519684791565,-0.9788879752159119,0.20806019008159637,-0.4173354506492615,1
-1.1136460681629106,-1.1220369783921649,0.12749604915873014,0.3729547880987962,-0.49780991063523156,-0.42169614077567696,0
-0.06640424392301768,-0.024407797415068416,-0.7875501829308945,-0.8892967200232985,3.7797147231860753,-0.3528084360368418,0
0.47471903565640794,1.158594410896392,-1.1860490141532845,1.6908541195944125,-0.2690348566136618,-0.35103135340297587,0
-0.5283209724082694,-0.033383975650443515,1.0540298737584979,-0.7482200775917613,-0.44063717931806046,-0.33660374939083043,0
-0.5151314289164982,-0.04594913734396487,-1.2405740383532344,-0.1845394514185393,-0.4791703626278942,3.121294925739893,0
2.8115326598900787,1.7167471374512673,-1.0666963822825648,0.9060773642364928,0.905920665023988,-0.27036374512341776,0
-1.3406608163052955,-1.4519976031585986,0.47649552223875274,-0.13560299045173246,-0.45405493253321033,-0.262532682640829,0
-0.603788191019254,-1.1184410642611078,-1.2489779724288808,1.5063376164220845,0.04724007007178104,-0.1930614658549339,0
0.1093824473909742,-0.5493341935809508,-1.0993046830794397,1.747952261278589,-0.49021263746145455,-0.4209333745715624,0
-0.7542123148693076,-0.03364902090960376,-0.8999979972001142,1.5268493949439115,-0.5172712540372397,-0.4024284383329046,0
-0.16764941484571436,0.04567756668626788,-1.1612576839855002,1.8135390364409085,-0.4914443560160108,-0.4129484450410865,0
-1.1731202985759595,-1.3718347466257137,1.4523897678723203,-1.1066126455082033,-0.517432412232065,-0.42169614077567696,0
-0.8848608732223511,-0.528434157371521,0.9965391755104065,-0.9705462455749512,0.1868184357881546,-0.4073356091976166,1
-0.0642873731656115,0.04951502365124284,1.3600135072737745,-1.0447789447276181,-0.4822469366150248,-0.38391921236473336,0
-1.0906536936362594,-1.439289625114856,-1.246920564465849,-0.520449136143567,0.6934266799724612,2.6820758918528327,0
-1.0237895355708213,-1.188869932010397,-0.8488526541652707,1.2810234458466958,-0.13503194044612812,-0.41563852005130186,0
1.789538750269781,0.31452534925423203,0.8184090241598568,-0.5846247510535206,-0.5161792496980558,-0.09869870934503922,0
0.9959190487861633,0.9932628870010376,-0.9033306837081909,0.8418141603469849,-0.278991162776947,-0.28169259428977966,1
-0.2494153082370758,-0.36232903599739075,0.9446490406990051,-0.7251324653625488,-0.2888616621494293,-0.3919380009174347,1
2.396021222724923,-0.32063527281566934,0.0310657735164741,0.02718610763601125,0.33734417660144367,-0.3783523454495328,0
2.576257083385104,-0.023626158610414668,1.0630424952012882,-0.7620187219646525,-0.5154906749549719,-0.26515794100723994,0
-0.8513605361146414,-0.72920622147132,-1.264642591047241,0.18424332812296357,-0.16081057900425408,2.263534691809327,0
-0.022153242633587998,0.18842867236244457,-1.2666701601290649,1.7812896404288139,-0.5155733488426608,-0.13586264266056206,0
1.0437529831594432,0.6097170778986151,-1.0743886092690775,-0.8988881346095259,-0.5171497281964053,4.011424404460322,0
-0.6352561712265015,-0.5035614967346191,0.9896414279937744,-0.9455636143684387,0.07989189773797989,-0.42011144757270813,1
1.0919729663765798,0.7954044571885842,-1.1112512241933872,-0.4557727605084318,-0.45560830270935654,3.3144714102155137,0
0.8786841630935669,-0.9989117383956909,-0.37412214279174805,0.4839724898338318,-0.05482826009392738,0.002659996272996068,1
0.11199567466974258,-0.9999922513961792,-0.7466055750846863,0.8902289271354675,-0.4782038927078247,-0.1774202138185501,1
0.588177124794408,1.720084391537777,0.5720951233163859,-0.20122450310706205,-0.4949822907209441,-0.29797486337125867,0
-0.3893268398860547,0.31127982833278073,0.5965198247346215,-0.1499331828266955,-0.5171313370429165,-0.41242808581175944,0
-0.6278253715557158,-0.030926654205235306,-0.357617706692267,0.8683164110310703,-0.42512295240609066,-0.4126664083393873,0
0.20110950065708447,-0.29677320849046485,0.7513628994305773,-0.5593134855908456,-0.24672844629760862,-0.24905915030243034,0
0.6430820226669312,0.9826508164405823,-0.872113823890686,0.935463011264801,-0.3679381012916565,-0.24874813854694366,1
-1.0688068036673493,-1.4358603082390937,0.9272176608009867,-1.0826771829438295,0.5838008625499908,-0.4190207632368466,0
0.8213386164603631,0.6338515508029396,0.011032890676183474,-0.10812068868138525,-0.051579913014789154,-0.4138061075260881,0
-1.1138463153077867,-0.9298310177329866,-1.2503407970483162,1.6976461137754881,-0.4761836349530441,-0.059307305170863724,0
-0.336456924544107,-0.6610817444687099,0.7385531963467857,-0.40805758092295263,-0.4972110641626272,-0.2626137300241917,0
-0.6172421678275205,-0.9539859151018208,0.5286502588057744,-0.883445081108038,1.0249405326272851,-0.38128321875973054,0
