0,1,2,3,4,5,6,7,8,9,10,11,12,13,14,15,16,17,18,19,20
0.0,0.0,0.0,0.0,0.0,0.0,0.0,0.0,0.05,0.05,0.1,0.0,0.0,0.0,0.0,0.0,0.0,0.0,0.0,0.0,0.0
0.0,0.05,0.0,0.0,0.0,0.0,0.0,0.0,0.0,0.05,0.1,0.0,0.0,0.0,0.0,0.0,0.0,0.0,0.0,0.0,0.0
0.0,0.0,0.0,0.0,0.05,0.0,0.0,0.0,0.0,0.05,0.1,0.0,0.0,0.0,0.0,0.0,0.0,0.0,0.0,0.0,0.0
0.0,0.0,0.05,0.0,0.0,0.0,0.0,0.0,0.0,0.05,0.1,0.0,0.0,0.0,0.0,0.0,0.0,0.0,0.0,0.0,0.0
0.0,0.0,0.0,0.0,0.05,0.0,0.0,0.0,0.0,0.05,0.1,0.0,0.0,0.0,0.0,0.0,0.0,0.0,0.0,0.0,0.0
0.0,0.0,0.0,0.0,0.05,0.0,0.0,0.0,0.0,0.05,0.1,0.0,0.0,0.0,0.0,0.0,0.0,0.0,0.0,0.0,0.0
0.0,0.0,0.0,0.0,0.0,0.05,0.0,0.0,0.0,0.05,0.1,0.0,0.0,0.0,0.0,0.0,0.0,0.0,0.0,0.0,0.0
0.0,0.05,0.0,0.0,0.0,0.0,0.0,0.0,0.0,0.05,0.1,0.0,0.0,0.0,0.0,0.0,0.0,0.0,0.0,0.0,0.0
0.05,0.0,0.0,0.0,0.0,0.0,0.0,0.0,0.0,0.05,0.1,0.0,0.0,0.0,0.0,0.0,0.0,0.0,0.0,0.0,0.0
0.0,0.05,0.0,0.0,0.0,0.0,0.0,0.0,0.0,0.05,0.1,0.0,0.0,0.0,0.0,0.0,0.0,0.0,0.0,0.0,0.0
0.0,0.0,0.0,0.0,0.0,0.0,0.0,0.0,0.0,0.1,0.1,0.0,0.0,0.0,0.0,0.0,0.0,0.0,0.0,0.0,0.0
0.0,0.0,0.0,0.05,0.0,0.0,0.0,0.0,0.0,0.05,0.1,0.0,0.0,0.0,0.0,0.0,0.0,0.0,0.0,0.0,0.0
0.0,0.0,0.05,0.0,0.0,0.0,0.0,0.0,0.0,0.05,0.1,0.0,0.0,0.0,0.0,0.0,0.0,0.0,0.0,0.0,0.0
0.0,0.0,0.0,0.0,0.0,0.0,0.0,0.0,0.05,0.05,0.1,0.0,0.0,0.0,0.0,0.0,0.0,0.0,0.0,0.0,0.0
0.0,0.0,0.0,0.0,0.0,0.0,0.0,0.05,0.0,0.05,0.1,0.0,0.0,0.0,0.0,0.0,0.0,0.0,0.0,0.0,0.0
0.0,0.0,0.0,0.0,0.0,0.0,0.0,0.0,0.05,0.05,0.1,0.0,0.0,0.0,0.0,0.0,0.0,0.0,0.0,0.0,0.0
0.0,0.0,0.0,0.0,0.0,0.05,0.0,0.0,0.0,0.05,0.1,0.0,0.0,0.0,0.0,0.0,0.0,0.0,0.0,0.0,0.0
0.0,0.0,0.0,0.0,0.0,0.0,0.0,0.0,0.05,0.05,0.1,0.0,0.0,0.0,0.0,0.0,0.0,0.0,0.0,0.0,0.0
0.0,0.0,0.0,0.0,0.0,0.0,0.05,0.0,0.0,0.05,0.1,0.0,0.0,0.0,0.0,0.0,0.0,0.0,0.0,0.0,0.0
0.0,0.0,0.0,0.0,0.05,0.0,0.0,0.0,0.0,0.05,0.1,0.0,0.0,0.0,0.0,0.0,0.0,0.0,0.0,0.0,0.0
0.0,0.0,0.0,0.0,0.0,0.0,0.0,0.0,0.0,0.1,0.1,0.0,0.0,0.0,0.0,0.0,0.0,0.0,0.0,0.0,0.0
0.0,0.0,0.0,0.0,0.0,0.0,0.0,0.05,0.0,0.05,0.1,0.0,0.0,0.0,0.0,0.0,0.0,0.0,0.0,0.0,0.0
0.0,0.0,0.0,0.0,0.05,0.0,0.0,0.0,0.05,0.0,0.1,0.0,0.0,0.0,0.0,0.0,0.0,0.0,0.0,0.0,0.0
0.0,0.0,0.0,0.0,0.05,0.0,0.05,0.0,0.0,0.0,0.1,0.0,0.0,0.0,0.0,0.0,0.0,0.0,0.0,0.0,0.0
0.0,0.0,0.0,0.05,0.0,0.0,0.0,0.0,0.05,0.0,0.1,0.0,0.0,0.0,0.0,0.0,0.0,0.0,0.0,0.0,0.0
0.0,0.0,0.1,0.0,0.0,0.0,0.0,0.0,0.0,0.0,0.1,0.0,0.0,0.0,0.0,0.0,0.0,0.0,0.0,0.0,0.0
0.0,0.05,0.0,0.0,0.0,0.0,0.0,0.05,0.0,0.0,0.1,0.0,0.0,0.0,0.0,0.0,0.0,0.0,0.0,0.0,0.0
0.0,0.0,0.0,0.0,0.0,0.0,0.0,0.0,0.1,0.0,0.1,0.0,0.0,0.0,0.0,0.0,0.0,0.0,0.0,0.0,0.0
0.0,0.0,0.0,0.05,0.0,0.0,0.05,0.0,0.0,0.0,0.1,0.0,0.0,0.0,0.0,0.0,0.0,0.0,0.0,0.0,0.0
0.0,0.0,0.05,0.0,0.0,0.0,0.05,0.0,0.0,0.0,0.1,0.0,0.0,0.0,0.0,0.0,0.0,0.0,0.0,0.0,0.0
0.0,0.05,0.0,0.0,0.05,0.0,0.0,0.0,0.0,0.0,0.1,0.0,0.0,0.0,0.0,0.0,0.0,0.0,0.0,0.0,0.0
0.1,0.0,0.0,0.0,0.0,0.0,0.0,0.0,0.0,0.0,0.1,0.0,0.0,0.0,0.0,0.0,0.0,0.0,0.0,0.0,0.0
0.0,0.05,0.0,0.0,0.0,0.0,0.0,0.05,0.0,0.0,0.1,0.0,0.0,0.0,0.0,0.0,0.0,0.0,0.0,0.0,0.0
0.0,0.0,0.0,0.0,0.05,0.0,0.0,0.0,0.05,0.0,0.1,0.0,0.0,0.0,0.0,0.0,0.0,0.0,0.0,0.0,0.0
0.0,0.05,0.0,0.0,0.0,0.05,0.0,0.0,0.0,0.0,0.1,0.0,0.0,0.0,0.0,0.0,0.0,0.0,0.0,0.0,0.0
0.0,0.0,0.0,0.0,0.0,0.05,0.0,0.05,0.0,0.0,0.1,0.0,0.0,0.0,0.0,0.0,0.0,0.0,0.0,0.0,0.0
0.05,0.0,0.0,0.0,0.0,0.0,0.0,0.05,0.0,0.0,0.1,0.0,0.0,0.0,0.0,0.0,0.0,0.0,0.0,0.0,0.0
0.0,0.0,0.05,0.0,0.05,0.0,0.0,0.0,0.0,0.0,0.1,0.0,0.0,0.0,0.0,0.0,0.0,0.0,0.0,0.0,0.0
0.0,0.0,0.0,0.0,0.05,0.0,0.0,0.05,0.0,0.0,0.1,0.0,0.0,0.0,0.0,0.0,0.0,0.0,0.0,0.0,0.0
0.0,0.0,0.05,0.0,0.0,0.0,0.05,0.0,0.0,0.0,0.1,0.0,0.0,0.0,0.0,0.0,0.0,0.0,0.0,0.0,0.0
0.0,0.0,0.05,0.0,0.0,0.05,0.0,0.0,0.0,0.0,0.1,0.0,0.0,0.0,0.0,0.0,0.0,0.0,0.0,0.0,0.0
0.0,0.0,0.0,0.0,0.0,0.05,0.0,0.0,0.0,0.05,0.1,0.0,0.0,0.0,0.0,0.0,0.0,0.0,0.0,0.0,0.0
0.0,0.0,0.0,0.0,0.05,0.05,0.0,0.0,0.0,0.0,0.1,0.0,0.0,0.0,0.0,0.0,0.0,0.0,0.0,0.0,0.0
0.0,0.05,0.0,0.0,0.0,0.0,0.0,0.0,0.05,0.0,0.1,0.0,0.0,0.0,0.0,0.0,0.0,0.0,0.0,0.0,0.0
0.0,0.0,0.05,0.0,0.0,0.0,0.0,0.0,0.0,0.05,0.1,0.0,0.0,0.0,0.0,0.0,0.0,0.0,0.0,0.0,0.0
0.0,0.0,0.05,0.0,0.0,0.0,0.0,0.0,0.0,0.05,0.1,0.0,0.0,0.0,0.0,0.0,0.0,0.0,0.0,0.0,0.0
0.0,0.0,0.0,0.0,0.05,0.05,0.0,0.0,0.0,0.0,0.1,0.0,0.0,0.0,0.0,0.0,0.0,0.0,0.0,0.0,0.0
0.0,0.0,0.0,0.0,0.0,0.0,0.0,0.0,0.0,0.1,0.1,0.0,0.0,0.0,0.0,0.0,0.0,0.0,0.0,0.0,0.0
0.0,0.0,0.0,0.0,0.0,0.0,0.0,0.0,0.0,0.1,0.1,0.0,0.0,0.0,0.0,0.0,0.0,0.0,0.0,0.0,0.0
0.0,0.0,0.0,0.0,0.0,0.0,0.0,0.05,0.05,0.0,0.1,0.0,0.0,0.0,0.0,0.0,0.0,0.0,0.0,0.0,0.0
0.0,0.0,0.0,0.0,0.0,0.0,0.0,0.05,0.0,0.05,0.1,0.0,0.0,0.0,0.0,0.0,0.0,0.0,0.0,0.0,0.0
0.0,0.0,0.0,0.0,0.0,0.0,0.05,0.0,0.0,0.05,0.1,0.0,0.0,0.0,0.0,0.0,0.0,0.0,0.0,0.0,0.0
0.05,0.0,0.0,0.0,0.05,0.0,0.0,0.0,0.0,0.0,0.1,0.0,0.0,0.0,0.0,0.0,0.0,0.0,0.0,0.0,0.0
0.0,0.0,0.0,0.05,0.0,0.0,0.0,0.0,0.05,0.0,0.1,0.0,0.0,0.0,0.0,0.0,0.0,0.0,0.0,0.0,0.0
0.0,0.0,0.0,0.0,0.0,0.0,0.0,0.0,0.1,0.0,0.1,0.0,0.0,0.0,0.0,0.0,0.0,0.0,0.0,0.0,0.0
0.0,0.0,0.0,0.0,0.0,0.0,0.0,0.05,0.0,0.05,0.1,0.0,0.0,0.0,0.0,0.0,0.0,0.0,0.0,0.0,0.0
0.05,0.0,0.0,0.0,0.0,0.0,0.0,0.05,0.0,0.0,0.1,0.0,0.0,0.0,0.0,0.0,0.0,0.0,0.0,0.0,0.0
0.0,0.0,0.0,0.05,0.0,0.0,0.05,0.0,0.0,0.0,0.1,0.0,0.0,0.0,0.0,0.0,0.0,0.0,0.0,0.0,0.0
0.0,0.0,0.0,0.05,0.0,0.05,0.0,0.0,0.0,0.0,0.1,0.0,0.0,0.0,0.0,0.0,0.0,0.0,0.0,0.0,0.0
0.0,0.0,0.0,0.0,0.0,0.0,0.0,0.1,0.0,0.0,0.1,0.0,0.0,0.0,0.0,0.0,0.0,0.0,0.0,0.0,0.0
0.0,0.0,0.0,0.0,0.0,0.05,0.0,0.0,0.0,0.05,0.1,0.0,0.0,0.0,0.0,0.0,0.0,0.0,0.0,0.0,0.0
0.0,0.0,0.0,0.0,0.0,0.0,0.05,0.0,0.05,0.0,0.1,0.0,0.0,0.0,0.0,0.0,0.0,0.0,0.0,0.0,0.0
0.0,0.0,0.05,0.05,0.0,0.0,0.0,0.0,0.0,0.0,0.1,0.0,0.0,0.0,0.0,0.0,0.0,0.0,0.0,0.0,0.0
0.0,0.0,0.0,0.0,0.05,0.0,0.0,0.05,0.0,0.0,0.1,0.0,0.0,0.0,0.0,0.0,0.0,0.0,0.0,0.0,0.0
0.0,0.05,0.0,0.0,0.0,0.0,0.0,0.05,0.0,0.0,0.1,0.0,0.0,0.0,0.0,0.0,0.0,0.0,0.0,0.0,0.0
0.0,0.0,0.0,0.0,0.0,0.05,0.0,0.05,0.0,0.0,0.1,0.0,0.0,0.0,0.0,0.0,0.0,0.0,0.0,0.0,0.0
0.0,0.05,0.05,0.0,0.0,0.0,0.0,0.0,0.0,0.0,0.1,0.0,0.0,0.0,0.0,0.0,0.0,0.0,0.0,0.0,0.0
0.0,0.0,0.05,0.0,0.0,0.05,0.0,0.0,0.0,0.0,0.1,0.0,0.0,0.0,0.0,0.0,0.0,0.0,0.0,0.0,0.0
0.0,0.0,0.05,0.0,0.0,0.0,0.05,0.0,0.0,0.0,0.1,0.0,0.0,0.0,0.0,0.0,0.0,0.0,0.0,0.0,0.0
0.0,0.05,0.0,0.0,0.05,0.0,0.0,0.0,0.0,0.0,0.1,0.0,0.0,0.0,0.0,0.0,0.0,0.0,0.0,0.0,0.0
0.05,0.0,0.0,0.0,0.0,0.0,0.0,0.05,0.0,0.0,0.1,0.0,0.0,0.0,0.0,0.0,0.0,0.0,0.0,0.0,0.0
0.0,0.0,0.05,0.05,0.0,0.0,0.0,0.0,0.0,0.0,0.1,0.0,0.0,0.0,0.0,0.0,0.0,0.0,0.0,0.0,0.0
0.0,0.0,0.05,0.0,0.0,0.0,0.0,0.0,0.0,0.05,0.1,0.0,0.0,0.0,0.0,0.0,0.0,0.0,0.0,0.0,0.0
0.0,0.1,0.0,0.0,0.0,0.0,0.0,0.0,0.0,0.0,0.1,0.0,0.0,0.0,0.0,0.0,0.0,0.0,0.0,0.0,0.0
0.0,0.05,0.0,0.0,0.0,0.0,0.0,0.0,0.05,0.0,0.1,0.0,0.0,0.0,0.0,0.0,0.0,0.0,0.0,0.0,0.0
0.0,0.0,0.0,0.0,0.05,0.0,0.0,0.0,0.05,0.0,0.1,0.0,0.0,0.0,0.0,0.0,0.0,0.0,0.0,0.0,0.0
0.0,0.0,0.0,0.0,0.0,0.0,0.05,0.05,0.0,0.0,0.1,0.0,0.0,0.0,0.0,0.0,0.0,0.0,0.0,0.0,0.0
0.0,0.0,0.05,0.0,0.05,0.0,0.0,0.0,0.0,0.0,0.1,0.0,0.0,0.0,0.0,0.0,0.0,0.0,0.0,0.0,0.0
0.0,0.0,0.05,0.0,0.05,0.0,0.0,0.0,0.0,0.0,0.1,0.0,0.0,0.0,0.0,0.0,0.0,0.0,0.0,0.0,0.0
0.0,0.0,0.05,0.0,0.0,0.0,0.0,0.0,0.05,0.0,0.1,0.0,0.0,0.0,0.0,0.0,0.0,0.0,0.0,0.0,0.0
0.0,0.0,0.0,0.0,0.0,0.0,0.0,0.05,0.05,0.0,0.1,0.0,0.0,0.0,0.0,0.0,0.0,0.0,0.0,0.0,0.0
0.0,0.0,0.0,0.1,0.0,0.0,0.0,0.0,0.0,0.0,0.1,0.0,0.0,0.0,0.0,0.0,0.0,0.0,0.0,0.0,0.0
0.0,0.05,0.05,0.0,0.0,0.0,0.0,0.0,0.0,0.0,0.1,0.0,0.0,0.0,0.0,0.0,0.0,0.0,0.0,0.0,0.0
0.1,0.0,0.0,0.0,0.0,0.0,0.0,0.0,0.0,0.0,0.1,0.0,0.0,0.0,0.0,0.0,0.0,0.0,0.0,0.0,0.0
0.05,0.0,0.0,0.05,0.0,0.0,0.0,0.0,0.0,0.0,0.1,0.0,0.0,0.0,0.0,0.0,0.0,0.0,0.0,0.0,0.0
0.0,0.05,0.0,0.0,0.05,0.0,0.0,0.0,0.0,0.0,0.1,0.0,0.0,0.0,0.0,0.0,0.0,0.0,0.0,0.0,0.0
0.05,0.0,0.0,0.05,0.0,0.0,0.0,0.0,0.0,0.0,0.1,0.0,0.0,0.0,0.0,0.0,0.0,0.0,0.0,0.0,0.0
0.0,0.0,0.0,0.0,0.0,0.0,0.05,0.0,0.0,0.05,0.1,0.0,0.0,0.0,0.0,0.0,0.0,0.0,0.0,0.0,0.0
0.0,0.0,0.0,0.05,0.0,0.0,0.0,0.0,0.0,0.05,0.1,0.0,0.0,0.0,0.0,0.0,0.0,0.0,0.0,0.0,0.0
0.0,0.0,0.0,0.05,0.0,0.0,0.05,0.0,0.0,0.0,0.1,0.0,0.0,0.0,0.0,0.0,0.0,0.0,0.0,0.0,0.0
0.0,0.0,0.05,0.0,0.0,0.0,0.0,0.0,0.0,0.05,0.1,0.0,0.0,0.0,0.0,0.0,0.0,0.0,0.0,0.0,0.0
0.0,0.0,0.0,0.0,0.0,0.0,0.0,0.05,0.0,0.05,0.1,0.0,0.0,0.0,0.0,0.0,0.0,0.0,0.0,0.0,0.0
0.0,0.0,0.05,0.0,0.05,0.0,0.0,0.0,0.0,0.0,0.1,0.0,0.0,0.0,0.0,0.0,0.0,0.0,0.0,0.0,0.0
0.0,0.0,0.0,0.05,0.0,0.0,0.0,0.05,0.0,0.0,0.1,0.0,0.0,0.0,0.0,0.0,0.0,0.0,0.0,0.0,0.0
0.0,0.05,0.0,0.0,0.0,0.0,0.0,0.05,0.0,0.0,0.1,0.0,0.0,0.0,0.0,0.0,0.0,0.0,0.0,0.0,0.0
0.0,0.0,0.0,0.0,0.1,0.0,0.0,0.0,0.0,0.0,0.1,0.0,0.0,0.0,0.0,0.0,0.0,0.0,0.0,0.0,0.0
0.0,0.0,0.05,0.0,0.0,0.0,0.0,0.0,0.0,0.05,0.1,0.0,0.0,0.0,0.0,0.0,0.0,0.0,0.0,0.0,0.0
0.05,0.05,0.0,0.0,0.0,0.0,0.0,0.0,0.0,0.0,0.1,0.0,0.0,0.0,0.0,0.0,0.0,0.0,0.0,0.0,0.0
0.0,0.0,0.0,0.0,0.0,0.0,0.05,0.05,0.0,0.0,0.1,0.0,0.0,0.0,0.0,0.0,0.0,0.0,0.0,0.0,0.0
0.05,0.0,0.0,0.0,0.05,0.0,0.0,0.0,0.0,0.0,0.1,0.0,0.0,0.0,0.0,0.0,0.0,0.0,0.0,0.0,0.0
0.0,0.0,0.05,0.05,0.0,0.0,0.0,0.0,0.0,0.0,0.1,0.0,0.0,0.0,0.0,0.0,0.0,0.0,0.0,0.0,0.0
0.0,0.05,0.05,0.0,0.0,0.0,0.0,0.0,0.0,0.0,0.1,0.0,0.0,0.0,0.0,0.0,0.0,0.0,0.0,0.0,0.0
0.05,0.0,0.0,0.0,0.0,0.0,0.0,0.05,0.0,0.0,0.1,0.0,0.0,0.0,0.0,0.0,0.0,0.0,0.0,0.0,0.0
0.0,0.05,0.0,0.05,0.0,0.0,0.0,0.0,0.0,0.0,0.1,0.0,0.0,0.0,0.0,0.0,0.0,0.0,0.0,0.0,0.0
0.0,0.0,0.0,0.05,0.0,0.0,0.0,0.0,0.0,0.05,0.1,0.0,0.0,0.0,0.0,0.0,0.0,0.0,0.0,0.0,0.0
0.0,0.0,0.05,0.05,0.0,0.0,0.0,0.0,0.0,0.0,0.1,0.0,0.0,0.0,0.0,0.0,0.0,0.0,0.0,0.0,0.0
0.0,0.0,0.0,0.05,0.05,0.0,0.0,0.0,0.0,0.0,0.1,0.0,0.0,0.0,0.0,0.0,0.0,0.0,0.0,0.0,0.0
0.0,0.05,0.05,0.0,0.0,0.0,0.0,0.0,0.0,0.0,0.1,0.0,0.0,0.0,0.0,0.0,0.0,0.0,0.0,0.0,0.0
0.05,0.0,0.0,0.0,0.0,0.0,0.0,0.0,0.05,0.0,0.1,0.0,0.0,0.0,0.0,0.0,0.0,0.0,0.0,0.0,0.0
0.0,0.0,0.0,0.0,0.0,0.0,0.05,0.05,0.0,0.0,0.1,0.0,0.0,0.0,0.0,0.0,0.0,0.0,0.0,0.0,0.0
0.0,0.0,0.0,0.0,0.0,0.0,0.05,0.05,0.0,0.0,0.1,0.0,0.0,0.0,0.0,0.0,0.0,0.0,0.0,0.0,0.0
0.0,0.0,0.05,0.0,0.0,0.05,0.0,0.0,0.0,0.0,0.1,0.0,0.0,0.0,0.0,0.0,0.0,0.0,0.0,0.0,0.0
0.0,0.0,0.05,0.05,0.0,0.0,0.0,0.0,0.0,0.0,0.1,0.0,0.0,0.0,0.0,0.0,0.0,0.0,0.0,0.0,0.0
0.05,0.0,0.0,0.0,0.0,0.0,0.0,0.05,0.0,0.0,0.1,0.0,0.0,0.0,0.0,0.0,0.0,0.0,0.0,0.0,0.0
0.0,0.0,0.0,0.0,0.0,0.0,0.0,0.0,0.0,0.1,0.1,0.0,0.0,0.0,0.0,0.0,0.0,0.0,0.0,0.0,0.0
0.0,0.0,0.0,0.0,0.0,0.0,0.0,0.05,0.05,0.0,0.1,0.0,0.0,0.0,0.0,0.0,0.0,0.0,0.0,0.0,0.0
0.05,0.0,0.0,0.0,0.0,0.0,0.0,0.05,0.0,0.0,0.1,0.0,0.0,0.0,0.0,0.0,0.0,0.0,0.0,0.0,0.0
0.0,0.0,0.0,0.05,0.0,0.0,0.0,0.05,0.0,0.0,0.1,0.0,0.0,0.0,0.0,0.0,0.0,0.0,0.0,0.0,0.0
0.0,0.05,0.05,0.0,0.0,0.0,0.0,0.0,0.0,0.0,0.1,0.0,0.0,0.0,0.0,0.0,0.0,0.0,0.0,0.0,0.0
0.0,0.05,0.0,0.0,0.0,0.0,0.05,0.0,0.0,0.0,0.1,0.0,0.0,0.0,0.0,0.0,0.0,0.0,0.0,0.0,0.0
0.0,0.0,0.0,0.0,0.0,0.0,0.0,0.0,0.1,0.0,0.1,0.0,0.0,0.0,0.0,0.0,0.0,0.0,0.0,0.0,0.0
0.0,0.0,0.0,0.0,0.0,0.0,0.05,0.0,0.0,0.05,0.1,0.0,0.0,0.0,0.0,0.0,0.0,0.0,0.0,0.0,0.0
0.0,0.0,0.0,0.0,0.05,0.05,0.0,0.0,0.0,0.0,0.1,0.0,0.0,0.0,0.0,0.0,0.0,0.0,0.0,0.0,0.0
0.0,0.1,0.0,0.0,0.0,0.0,0.0,0.0,0.0,0.0,0.1,0.0,0.0,0.0,0.0,0.0,0.0,0.0,0.0,0.0,0.0
0.05,0.0,0.05,0.0,0.0,0.0,0.0,0.0,0.0,0.0,0.1,0.0,0.0,0.0,0.0,0.0,0.0,0.0,0.0,0.0,0.0
0.0,0.05,0.0,0.0,0.0,0.0,0.0,0.0,0.0,0.05,0.1,0.0,0.0,0.0,0.0,0.0,0.0,0.0,0.0,0.0,0.0
0.0,0.0,0.0,0.0,0.0,0.0,0.05,0.05,0.0,0.0,0.1,0.0,0.0,0.0,0.0,0.0,0.0,0.0,0.0,0.0,0.0
0.0,0.0,0.0,0.0,0.0,0.0,0.1,0.0,0.0,0.0,0.1,0.0,0.0,0.0,0.0,0.0,0.0,0.0,0.0,0.0,0.0
0.0,0.0,0.0,0.0,0.0,0.0,0.0,0.0,0.05,0.05,0.1,0.0,0.0,0.0,0.0,0.0,0.0,0.0,0.0,0.0,0.0
0.0,0.05,0.0,0.0,0.0,0.0,0.05,0.0,0.0,0.0,0.1,0.0,0.0,0.0,0.0,0.0,0.0,0.0,0.0,0.0,0.0
0.0,0.0,0.05,0.0,0.05,0.0,0.0,0.0,0.0,0.0,0.1,0.0,0.0,0.0,0.0,0.0,0.0,0.0,0.0,0.0,0.0
0.0,0.1,0.0,0.0,0.0,0.0,0.0,0.0,0.0,0.0,0.05,0.05,0.0,0.0,0.0,0.0,0.0,0.0,0.0,0.0,0.0
0.0,0.05,0.0,0.05,0.0,0.0,0.0,0.0,0.0,0.0,0.1,0.0,0.0,0.0,0.0,0.0,0.0,0.0,0.0,0.0,0.0
0.0,0.0,0.0,0.0,0.0,0.0,0.05,0.0,0.0,0.05,0.1,0.0,0.0,0.0,0.0,0.0,0.0,0.0,0.0,0.0,0.0
0.0,0.0,0.0,0.05,0.0,0.0,0.0,0.0,0.0,0.05,0.1,0.0,0.0,0.0,0.0,0.0,0.0,0.0,0.0,0.0,0.0
0.0,0.0,0.0,0.0,0.05,0.0,0.05,0.0,0.0,0.0,0.1,0.0,0.0,0.0,0.0,0.0,0.0,0.0,0.0,0.0,0.0
0.05,0.0,0.05,0.0,0.0,0.0,0.0,0.0,0.0,0.0,0.1,0.0,0.0,0.0,0.0,0.0,0.0,0.0,0.0,0.0,0.0
0.0,0.05,0.0,0.0,0.0,0.0,0.0,0.0,0.0,0.05,0.1,0.0,0.0,0.0,0.0,0.0,0.0,0.0,0.0,0.0,0.0
0.0,0.0,0.0,0.0,0.05,0.0,0.0,0.0,0.0,0.05,0.1,0.0,0.0,0.0,0.0,0.0,0.0,0.0,0.0,0.0,0.0
0.0,0.0,0.0,0.0,0.0,0.0,0.0,0.0,0.05,0.05,0.1,0.0,0.0,0.0,0.0,0.0,0.0,0.0,0.0,0.0,0.0
0.0,0.05,0.0,0.0,0.0,0.0,0.0,0.0,0.05,0.0,0.1,0.0,0.0,0.0,0.0,0.0,0.0,0.0,0.0,0.0,0.0
0.0,0.0,0.0,0.05,0.0,0.0,0.0,0.0,0.05,0.0,0.1,0.0,0.0,0.0,0.0,0.0,0.0,0.0,0.0,0.0,0.0
0.0,0.05,0.05,0.0,0.0,0.0,0.0,0.0,0.0,0.0,0.1,0.0,0.0,0.0,0.0,0.0,0.0,0.0,0.0,0.0,0.0
0.0,0.0,0.0,0.0,0.0,0.05,0.0,0.05,0.0,0.0,0.1,0.0,0.0,0.0,0.0,0.0,0.0,0.0,0.0,0.0,0.0
0.05,0.05,0.0,0.0,0.0,0.0,0.0,0.0,0.0,0.0,0.1,0.0,0.0,0.0,0.0,0.0,0.0,0.0,0.0,0.0,0.0
0.0,0.0,0.0,0.0,0.0,0.0,0.0,0.0,0.1,0.0,0.1,0.0,0.0,0.0,0.0,0.0,0.0,0.0,0.0,0.0,0.0
0.0,0.0,0.05,0.05,0.0,0.0,0.0,0.0,0.0,0.0,0.1,0.0,0.0,0.0,0.0,0.0,0.0,0.0,0.0,0.0,0.0
0.0,0.05,0.0,0.0,0.0,0.0,0.0,0.05,0.0,0.0,0.1,0.0,0.0,0.0,0.0,0.0,0.0,0.0,0.0,0.0,0.0
0.0,0.0,0.05,0.0,0.0,0.0,0.0,0.05,0.0,0.0,0.1,0.0,0.0,0.0,0.0,0.0,0.0,0.0,0.0,0.0,0.0
0.0,0.0,0.05,0.0,0.0,0.05,0.0,0.0,0.0,0.0,0.1,0.0,0.0,0.0,0.0,0.0,0.0,0.0,0.0,0.0,0.0
0.0,0.0,0.0,0.0,0.05,0.0,0.0,0.05,0.0,0.0,0.1,0.0,0.0,0.0,0.0,0.0,0.0,0.0,0.0,0.0,0.0
0.0,0.0,0.05,0.05,0.0,0.0,0.0,0.0,0.0,0.0,0.1,0.0,0.0,0.0,0.0,0.0,0.0,0.0,0.0,0.0,0.0
0.0,0.0,0.0,0.05,0.05,0.0,0.0,0.0,0.0,0.0,0.1,0.0,0.0,0.0,0.0,0.0,0.0,0.0,0.0,0.0,0.0
0.0,0.0,0.05,0.05,0.0,0.0,0.0,0.0,0.0,0.0,0.1,0.0,0.0,0.0,0.0,0.0,0.0,0.0,0.0,0.0,0.0
0.0,0.0,0.0,0.0,0.05,0.0,0.0,0.0,0.0,0.05,0.1,0.0,0.0,0.0,0.0,0.0,0.0,0.0,0.0,0.0,0.0
0.0,0.0,0.0,0.05,0.05,0.0,0.0,0.0,0.0,0.0,0.1,0.0,0.0,0.0,0.0,0.0,0.0,0.0,0.0,0.0,0.0
0.0,0.0,0.0,0.0,0.05,0.0,0.0,0.05,0.0,0.0,0.1,0.0,0.0,0.0,0.0,0.0,0.0,0.0,0.0,0.0,0.0
0.0,0.05,0.05,0.0,0.0,0.0,0.0,0.0,0.0,0.0,0.1,0.0,0.0,0.0,0.0,0.0,0.0,0.0,0.0,0.0,0.0
0.0,0.0,0.0,0.0,0.0,0.0,0.0,0.0,0.05,0.05,0.1,0.0,0.0,0.0,0.0,0.0,0.0,0.0,0.0,0.0,0.0
0.0,0.0,0.0,0.0,0.0,0.0,0.0,0.05,0.0,0.05,0.1,0.0,0.0,0.0,0.0,0.0,0.0,0.0,0.0,0.0,0.0
0.0,0.0,0.05,0.0,0.0,0.0,0.0,0.0,0.05,0.0,0.1,0.0,0.0,0.0,0.0,0.0,0.0,0.0,0.0,0.0,0.0
0.0,0.0,0.0,0.0,0.05,0.0,0.0,0.0,0.0,0.05,0.1,0.0,0.0,0.0,0.0,0.0,0.0,0.0,0.0,0.0,0.0
0.05,0.0,0.0,0.0,0.0,0.05,0.0,0.0,0.0,0.0,0.1,0.0,0.0,0.0,0.0,0.0,0.0,0.0,0.0,0.0,0.0
0.0,0.0,0.0,0.0,0.05,0.0,0.0,0.0,0.05,0.0,0.1,0.0,0.0,0.0,0.0,0.0,0.0,0.0,0.0,0.0,0.0
0.05,0.05,0.0,0.0,0.0,0.0,0.0,0.0,0.0,0.0,0.1,0.0,0.0,0.0,0.0,0.0,0.0,0.0,0.0,0.0,0.0
0.0,0.05,0.0,0.0,0.0,0.0,0.0,0.0,0.0,0.05,0.1,0.0,0.0,0.0,0.0,0.0,0.0,0.0,0.0,0.0,0.0
0.0,0.0,0.0,0.0,0.0,0.0,0.0,0.0,0.1,0.0,0.1,0.0,0.0,0.0,0.0,0.0,0.0,0.0,0.0,0.0,0.0
0.0,0.0,0.0,0.0,0.0,0.0,0.0,0.0,0.1,0.0,0.1,0.0,0.0,0.0,0.0,0.0,0.0,0.0,0.0,0.0,0.0
0.0,0.0,0.0,0.0,0.0,0.0,0.0,0.05,0.0,0.05,0.1,0.0,0.0,0.0,0.0,0.0,0.0,0.0,0.0,0.0,0.0
0.0,0.0,0.0,0.0,0.0,0.05,0.05,0.0,0.0,0.0,0.1,0.0,0.0,0.0,0.0,0.0,0.0,0.0,0.0,0.0,0.0
0.0,0.05,0.0,0.0,0.0,0.05,0.0,0.0,0.0,0.0,0.1,0.0,0.0,0.0,0.0,0.0,0.0,0.0,0.0,0.0,0.0
0.0,0.0,0.0,0.0,0.05,0.0,0.0,0.05,0.0,0.0,0.1,0.0,0.0,0.0,0.0,0.0,0.0,0.0,0.0,0.0,0.0
0.0,0.0,0.0,0.0,0.05,0.0,0.0,0.0,0.05,0.0,0.1,0.0,0.0,0.0,0.0,0.0,0.0,0.0,0.0,0.0,0.0
0.0,0.0,0.05,0.0,0.0,0.0,0.0,0.0,0.05,0.0,0.1,0.0,0.0,0.0,0.0,0.0,0.0,0.0,0.0,0.0,0.0
0.0,0.05,0.0,0.05,0.0,0.0,0.0,0.0,0.0,0.0,0.1,0.0,0.0,0.0,0.0,0.0,0.0,0.0,0.0,0.0,0.0
0.05,0.0,0.0,0.0,0.0,0.05,0.0,0.0,0.0,0.0,0.1,0.0,0.0,0.0,0.0,0.0,0.0,0.0,0.0,0.0,0.0
0.05,0.0,0.0,0.0,0.0,0.05,0.0,0.0,0.0,0.0,0.1,0.0,0.0,0.0,0.0,0.0,0.0,0.0,0.0,0.0,0.0
0.0,0.0,0.0,0.05,0.0,0.0,0.05,0.0,0.0,0.0,0.1,0.0,0.0,0.0,0.0,0.0,0.0,0.0,0.0,0.0,0.0
0.0,0.0,0.0,0.0,0.0,0.0,0.0,0.0,0.1,0.0,0.1,0.0,0.0,0.0,0.0,0.0,0.0,0.0,0.0,0.0,0.0
0.0,0.0,0.0,0.0,0.1,0.0,0.0,0.0,0.0,0.0,0.1,0.0,0.0,0.0,0.0,0.0,0.0,0.0,0.0,0.0,0.0
0.0,0.05,0.0,0.05,0.0,0.0,0.0,0.0,0.0,0.0,0.1,0.0,0.0,0.0,0.0,0.0,0.0,0.0,0.0,0.0,0.0
0.05,0.0,0.0,0.0,0.0,0.0,0.0,0.0,0.05,0.0,0.1,0.0,0.0,0.0,0.0,0.0,0.0,0.0,0.0,0.0,0.0
0.0,0.0,0.05,0.0,0.0,0.0,0.0,0.0,0.0,0.05,0.1,0.0,0.0,0.0,0.0,0.0,0.0,0.0,0.0,0.0,0.0
0.0,0.05,0.0,0.0,0.0,0.0,0.0,0.05,0.0,0.0,0.1,0.0,0.0,0.0,0.0,0.0,0.0,0.0,0.0,0.0,0.0
0.0,0.0,0.0,0.0,0.0,0.0,0.0,0.05,0.0,0.05,0.1,0.0,0.0,0.0,0.0,0.0,0.0,0.0,0.0,0.0,0.0
0.0,0.05,0.05,0.0,0.0,0.0,0.0,0.0,0.0,0.0,0.1,0.0,0.0,0.0,0.0,0.0,0.0,0.0,0.0,0.0,0.0
0.0,0.0,0.0,0.05,0.0,0.0,0.0,0.0,0.0,0.05,0.1,0.0,0.0,0.0,0.0,0.0,0.0,0.0,0.0,0.0,0.0
0.05,0.0,0.0,0.0,0.0,0.0,0.05,0.0,0.0,0.0,0.1,0.0,0.0,0.0,0.0,0.0,0.0,0.0,0.0,0.0,0.0
0.0,0.0,0.0,0.0,0.05,0.0,0.0,0.0,0.05,0.0,0.1,0.0,0.0,0.0,0.0,0.0,0.0,0.0,0.0,0.0,0.0
0.0,0.0,0.0,0.0,0.05,0.0,0.0,0.0,0.0,0.05,0.1,0.0,0.0,0.0,0.0,0.0,0.0,0.0,0.0,0.0,0.0
0.0,0.0,0.0,0.0,0.05,0.05,0.0,0.0,0.0,0.0,0.1,0.0,0.0,0.0,0.0,0.0,0.0,0.0,0.0,0.0,0.0
0.0,0.0,0.0,0.0,0.0,0.0,0.05,0.05,0.0,0.0,0.1,0.0,0.0,0.0,0.0,0.0,0.0,0.0,0.0,0.0,0.0
0.0,0.0,0.05,0.0,0.0,0.0,0.05,0.0,0.0,0.0,0.1,0.0,0.0,0.0,0.0,0.0,0.0,0.0,0.0,0.0,0.0
0.0,0.0,0.0,0.0,0.0,0.0,0.0,0.05,0.05,0.0,0.1,0.0,0.0,0.0,0.0,0.0,0.0,0.0,0.0,0.0,0.0
0.0,0.05,0.0,0.0,0.0,0.0,0.0,0.05,0.0,0.0,0.1,0.0,0.0,0.0,0.0,0.0,0.0,0.0,0.0,0.0,0.0
0.0,0.0,0.05,0.0,0.0,0.0,0.0,0.05,0.0,0.0,0.1,0.0,0.0,0.0,0.0,0.0,0.0,0.0,0.0,0.0,0.0
0.0,0.0,0.05,0.0,0.0,0.05,0.0,0.0,0.0,0.0,0.1,0.0,0.0,0.0,0.0,0.0,0.0,0.0,0.0,0.0,0.0
0.0,0.05,0.05,0.0,0.0,0.0,0.0,0.0,0.0,0.0,0.1,0.0,0.0,0.0,0.0,0.0,0.0,0.0,0.0,0.0,0.0
0.0,0.0,0.0,0.0,0.05,0.0,0.0,0.0,0.05,0.0,0.1,0.0,0.0,0.0,0.0,0.0,0.0,0.0,0.0,0.0,0.0
0.023566147312521935,0.02183770388364792,0.014695392921566963,0.02759178914129734,0.006628836039453745,0.014717714861035347,-0.016229627653956413,-0.0035176691599190235,-0.0011475274804979563,0.0048303320072591305,0.09755304455757141,0.00022759311832487583,-0.005589793901890516,0.0005506337038241327,7.025804370641708e-05,-0.0007983286050148308,0.0006420594872906804,0.004143998026847839,-0.00046046459465287626,-0.002653607400134206,1.0
0.016979103907942772,0.02165684476494789,0.022179240360856056,0.022771745920181274,0.006780016701668501,0.013465259224176407,-0.016699373722076416,0.00031808391213417053,-0.0008810462895780802,0.011976403184235096,0.10308869183063507,0.0009106427896767855,-0.0009827803587540984,0.003488989779725671,0.004001278430223465,-0.0027905565220862627,-0.0019093169830739498,0.0037373104132711887,-0.0007569901645183563,-0.0028247209265828133,1.0
0.017972432076931,0.022831421345472336,0.02931033819913864,0.02624337002635002,-0.005467632319778204,0.013858235441148281,-0.013797725550830364,0.0037362866569310427,0.00199366663582623,0.0014759170589968562,0.09625916182994843,-0.0003790405753534287,0.000641287537291646,0.001158042810857296,0.0014710489194840193,0.0017370894784107804,-0.0005677304579876363,0.0017732605338096619,0.001097162370570004,-0.0034023297484964132,1.0
0.016087859869003296,0.00996457040309906,0.014516463503241539,0.02052498608827591,-0.0010458003962412477,0.014780214056372643,-0.00486050546169281,-0.0025380311999469995,0.005542231258004904,0.009284410625696182,0.10199106484651566,0.0008399823564104736,-0.004428376443684101,0.0021748540457338095,0.0023177065886557102,0.0010255553061142564,-0.00017024623230099678,0.006022519897669554,8.180912118405104e-05,-0.00395650090649724,1.0
0.017857855185866356,0.015744976699352264,0.014305760152637959,0.021776635199785233,0.002594389719888568,0.015859173610806465,-0.008154158480465412,0.001065667369402945,0.0005121795111335814,0.010646836832165718,0.10045602917671204,-4.1425926610827446e-05,-0.0043218377977609634,0.0014189050998538733,0.0014768822584301233,-0.0010459633776918054,0.00047698148409835994,0.004051638767123222,-0.0003382504219189286,-0.0024786661379039288,1.0
0.02324969880282879,0.027666619047522545,0.019261805340647697,0.03232809528708458,-0.0054230825044214725,0.013641887344419956,-0.016381457448005676,-0.0011309641413390636,0.006885118782520294,0.0026269364170730114,0.09465786814689636,-0.0003121050540357828,-0.0023830051068216562,0.0009221450891345739,0.0012643194058910012,-0.0016545722028240561,-0.00012775417417287827,0.0017728640232235193,-0.0006218295893631876,-0.0022651455365121365,1.0
0.01997818611562252,0.01774773932993412,0.014868359081447124,0.026348138228058815,0.0031836838461458683,0.016674423590302467,-0.014878823421895504,-0.00024669989943504333,0.0007584035629406571,0.007514934986829758,0.09945949167013168,2.8801150619983673e-06,-0.005874098744243383,0.0019551641307771206,0.0007268319022841752,-0.0010603821137920022,0.0009598270407877862,0.005520424339920282,-0.0005796979530714452,-0.002950763562694192,1.0
0.013512668199837208,0.015386080369353294,0.013621879741549492,0.02155531942844391,0.006742993835359812,0.015985505655407906,-0.010612599551677704,0.002702915109694004,0.006570760160684586,0.007029860746115446,0.09538275748491287,0.000630559807177633,-0.005764163564890623,0.0015934195835143328,0.0017619309946894646,-0.0007481378270313144,0.0003683501563500613,0.003606411861255765,-0.0005042543052695692,-0.003200493985787034,1.0
0.01464924681931734,0.014910031110048294,0.01397688128054142,0.024868248030543327,0.0017543683061376214,0.0153078343719244,-0.01150608155876398,0.0014170361682772636,0.0049189431592822075,0.00652293162420392,0.09929108619689941,0.0006556258304044604,-0.0033786706626415253,0.0015672441804781556,0.0016763940220698714,0.0003679757646750659,0.0011163977906107903,0.005050160456448793,0.00013454211875796318,-0.002763944212347269,1.0
0.02174971252679825,0.01102544367313385,0.0165413785725832,0.020116744562983513,0.0015743632102385163,0.017259839922189713,-0.008177322335541248,-0.003527008229866624,0.0043625724501907825,0.006597029976546764,0.10063499957323074,0.0005391924059949815,-0.0064010657370090485,0.0017677843570709229,0.0010198511881753802,-4.7361478209495544e-05,0.00040945966611616313,0.006110810209065676,-1.175818033516407e-05,-0.004003922455012798,1.0
0.01620277389883995,0.01966262049973011,0.01943250000476837,0.01703016273677349,0.006991893518716097,0.014813669957220554,-0.011431626044213772,-0.0005010682507418096,0.0013553124153986573,0.001413092017173767,0.10406824946403503,0.0016349187353625894,-0.006038950756192207,0.0037037760484963655,0.00362657243385911,-0.001142628025263548,-0.0013689851621165872,0.007007067557424307,-0.0006873233942314982,-0.00442272936925292,1.0
0.01987883821129799,0.018818052485585213,0.011264204978942871,0.022515613585710526,0.007039114832878113,0.015646586194634438,-0.013742350973188877,0.0009306759457103908,0.0010414102580398321,0.004758988972753286,0.09559684246778488,0.0007739409920759499,-0.0028893379494547844,-3.458932042121887e-05,0.0009919062722474337,0.001304389676079154,0.0012949227821081877,0.00327204167842865,0.0008882218971848488,-0.0029991830233484507,1.0
0.013377733528614044,0.021672286093235016,0.010878675617277622,0.032722726464271545,0.001530493376776576,0.01027500256896019,-0.013211776502430439,-0.0006155315204523504,0.010870745405554771,0.005472771357744932,0.10083227604627609,2.459879033267498e-05,-0.0025865889620035887,0.0012850817292928696,0.001477420679293573,-0.0013633818598464131,0.0005614966503344476,0.0036148540675640106,-0.0006494947010651231,-0.0013915577437728643,1.0
0.01591307297348976,0.016281718388199806,0.014000034891068935,0.022071175277233124,0.004689328372478485,0.01721457578241825,-0.011834001168608665,0.004483429249376059,-0.0005543098668567836,0.007734690327197313,0.09740418195724487,8.841650560498238e-05,-0.0047400472685694695,0.0014540116535499692,0.001283336547203362,0.0003358963876962662,0.0005669884267263114,0.00403555715456605,-0.00015259848441928625,-0.003085215575993061,1.0
0.017202362418174744,0.015302606858313084,0.013356355018913746,0.02217496745288372,0.004954359028488398,0.01672968454658985,-0.011943305842578411,0.0017733145505189896,0.0041733114048838615,0.0038300883024930954,0.09543967992067337,0.0010091803269460797,-0.006019521504640579,0.0016868622042238712,0.002096510026603937,-0.0002765124663710594,0.0003426778130233288,0.0046247448772192,-0.0008186546037904918,-0.0032865602988749743,1.0
0.014941594563424587,0.014207959175109863,0.014221454970538616,0.02388102002441883,-0.0010250365594401956,0.017094358801841736,-0.011060926131904125,0.0038026778493076563,0.005336548667401075,0.006657962221652269,0.09903635084629059,0.0006497391732409596,-0.004969620145857334,0.002231417689472437,0.0018447651527822018,-0.00035327483783476055,0.0008377198246307671,0.005726753734052181,-0.000232978374697268,-0.0033425854053348303,1.0
0.020082268863916397,0.01677512750029564,0.02060576155781746,0.023438483476638794,-0.0013130910228937864,0.01449202373623848,-0.009530184790492058,-0.004427255131304264,0.0016539818607270718,0.00853677373379469,0.10366764664649963,0.0001016366295516491,-0.0035604340955615044,0.002931601367890835,0.001985350390896201,-0.0003295810893177986,-0.00019071763381361961,0.006196105852723122,-4.000682383775711e-05,-0.003799506463110447,1.0
0.018282953649759293,0.019878540188074112,0.01446248684078455,0.028419001027941704,0.0070915971882641315,0.014707036316394806,-0.016906725242733955,-0.0015441576251760125,0.0007957269554026425,0.005730664823204279,0.10130025446414948,0.0008563461015000939,-0.0030644871294498444,0.0028639351949095726,0.0031280778348445892,-0.0017109944019466639,-0.0007620577816851437,0.005036002490669489,-0.0010736469412222505,-0.00292319618165493,1.0
0.014759015291929245,0.021373379975557327,0.022275662049651146,0.029784809798002243,-0.003164758672937751,0.01310829445719719,-0.014863977208733559,0.0038311758544296026,0.006109633948653936,0.003743983106687665,0.09734860062599182,-0.0004465437668841332,-0.0006487255450338125,0.0015834494261071086,0.0016211892943829298,0.0002593947574496269,0.0001269923523068428,0.0025583100505173206,0.00013215455692261457,-0.002392434049397707,1.0
0.013333226554095745,0.013597884215414524,0.015154690481722355,0.023600036278367043,0.002516803564503789,0.015459497459232807,-0.010537376627326012,0.0036486112512648106,0.0061776479706168175,0.004344357643276453,0.0971650704741478,0.0005240791360847652,-0.0035168358590453863,0.0015559160383418202,0.001973033184185624,0.0008115785312838852,0.0005952242645435035,0.0042714220471680164,2.6454334147274494e-05,-0.0031891698017716408,1.0
0.018908537924289703,0.018380122259259224,0.021024035289883614,0.01970488764345646,0.005840107332915068,0.014574073255062103,-0.012303023599088192,-0.0008517762180417776,0.00231100688688457,0.005314350593835115,0.09901458770036697,0.0005365728284232318,-0.004217887297272682,0.00026349141262471676,0.0008693572017364204,-0.00014669820666313171,-0.0004987776628695428,0.0030232893768697977,0.00028796843253076077,-0.0031844833865761757,1.0
0.016727404668927193,0.014353328384459019,0.013894671574234962,0.020428234711289406,0.004595948848873377,0.017540086060762405,-0.011754755862057209,0.001542185083962977,0.002470338949933648,0.007874582894146442,0.09989836066961288,0.0014401046792045236,-0.0029819707851856947,0.0010882820934057236,0.0018655314343050122,0.0011618565768003464,0.0002613659016788006,0.004105325788259506,0.0012711600866168737,-0.0037221028469502926,1.0
0.012315219268202782,0.015584228560328484,0.01692134514451027,0.02142343670129776,0.005099944304674864,0.014350289478898048,-0.010358775965869427,0.0027503487654030323,0.004521607421338558,0.00391679210588336,0.09576765447854996,0.0009192695142701268,-0.0025887121446430683,-8.170853834599257e-05,0.00112072192132473,0.0019907497335225344,0.000835381739307195,0.0028980905190110207,0.0008384676766581833,-0.002770407358184457,1.0
0.025617975741624832,0.016445927321910858,0.013672527857124805,0.024287646636366844,-0.002135772258043289,0.024352608248591423,-0.016760913655161858,0.001666171825490892,-0.0031275921501219273,0.008392121642827988,0.09603966772556305,-0.0002539705019444227,-0.0080151641741395,0.0016770518850535154,0.0005298308096826077,-0.0004915110184811056,0.0012236564652994275,0.005300390999764204,-4.581175744533539e-06,-0.0044281394220888615,1.0
0.021166592836380005,0.021584611386060715,0.02053607441484928,0.025041116401553154,0.0044725555926561356,0.016731809824705124,-0.015779368579387665,0.002220282331109047,-0.009066207334399223,0.009292387403547764,0.10138456523418427,0.0007724135066382587,-0.0011124568991363049,0.0026476497296243906,0.0030845357105135918,-0.0009283224935643375,-0.0021503116004168987,0.003494113916531205,-0.0003387794131413102,-0.0034901839680969715,1.0
0.016658922657370567,0.021572990342974663,0.010412369854748249,0.026256578043103218,-0.0014258199371397495,0.017293216660618782,-0.015863144770264626,0.002778409281745553,0.00933655072003603,0.0068711452186107635,0.10136973112821579,0.0010609370656311512,-0.003047527279704809,0.003544280771166086,0.003936396911740303,-0.002984988037496805,-0.001009601284749806,0.00506179966032505,-0.0014775507152080536,-0.002841898938640952,1.0
0.01600046455860138,0.024636631831526756,0.024774935096502304,0.030031684786081314,-0.0023673931136727333,0.011444625444710255,-0.015040446072816849,0.0007895825547166169,0.0036952754016965628,0.0016084159724414349,0.09718277305364609,0.00033590709790587425,0.0008455942734144628,0.0006551333935931325,0.0014615547843277454,0.0012806213926523924,-0.00025429297238588333,0.0019013802520930767,0.0008431434980593622,-0.002409023232758045,1.0
0.019515719264745712,0.01985400728881359,0.017517108470201492,0.02385132573544979,0.005424369126558304,0.013333497568964958,-0.01280215848237276,-0.0010868939571082592,0.0011715797008946538,0.004909955430775881,0.09749229997396469,0.0008459402597509325,-0.0034733766224235296,3.687047865241766e-05,0.0009005398023873568,-0.00019726157188415527,0.00018011219799518585,0.0030756364576518536,5.314056761562824e-05,-0.002444729208946228,1.0
0.021363606676459312,0.011141408234834671,0.020142043009400368,0.0198031235486269,-0.0037098615430295467,0.01234583742916584,-0.00251172692514956,-0.0015043697785586119,0.005650151055306196,0.008666417561471462,0.10081072896718979,-0.0004535419575404376,-0.001882717595435679,0.001259645912796259,0.0016662358539178967,0.0007478742627426982,-0.00017552869394421577,0.0037331755738705397,0.0005196649581193924,-0.003317740745842457,1.0
0.013957752846181393,0.013644765131175518,0.014141589403152466,0.02306372858583927,0.0013083464000374079,0.017652571201324463,-0.009968675673007965,0.004198411013931036,0.0038254065439105034,0.00899243913590908,0.09926203638315201,8.907937444746494e-05,-0.006213344633579254,0.0024559011217206717,0.0015704584075137973,-0.0009698902140371501,0.0007772516109980643,0.005521911662071943,-0.0005053001805208623,-0.003376926528289914,1.0
0.01805858314037323,0.013595380820333958,0.01576997898519039,0.024954184889793396,-0.0010608482407405972,0.015431007370352745,-0.010915065184235573,-0.0005958694382570684,0.004622961860150099,0.007630965672433376,0.10033565759658813,0.0003738596278708428,-0.0041220663115382195,0.002304696012288332,0.0016580309020355344,-9.130220860242844e-05,0.0008114146185107529,0.006190153770148754,-0.00022000260651111603,-0.0033541913144290447,1.0
0.010897616855800152,0.01816754974424839,0.012888051569461823,0.02178429625928402,0.008303821086883545,0.01460102666169405,-0.009353458881378174,0.004845726769417524,0.002727467566728592,0.007934893481433392,0.09744252264499664,0.0020943856798112392,-0.0004192265623714775,0.0009612717549316585,0.0033952253870666027,-0.00025671999901533127,-0.0007582226535305381,0.0017211573431268334,0.0004813227860722691,-0.002486166078597307,1.0
0.01698058843612671,0.01652560941874981,0.017721213400363922,0.023263633251190186,0.004815680906176567,0.016084836795926094,-0.013042710721492767,0.0016096183098852634,0.0011103058932349086,0.004401140380650759,0.09808946400880814,0.0014775621239095926,-0.003757188795134425,0.0007064930396154523,0.0012979134917259216,0.0008495452348142862,-0.0003982772759627551,0.0036720293574035168,0.0005692183040082455,-0.003485988127067685,1.0
0.017086440697312355,0.012533281929790974,0.015837669372558594,0.021964387968182564,-0.006721137557178736,0.014928591437637806,-0.006369318347424269,0.0017842072993516922,0.014115392230451107,0.0033241647761315107,0.09956001490354538,0.00023499736562371254,-0.003611769061535597,0.0027524749748408794,0.0030133205000311136,-0.00045288910041563213,-1.3797543942928314e-06,0.005491785705089569,-0.00048677364247851074,-0.0038410143461078405,1.0
0.014145313762128353,0.020090647041797638,0.02077423222362995,0.024720313027501106,-0.0007048401748761535,0.015430109575390816,-0.011530640535056591,0.00441503431648016,0.0011380743235349655,0.007176948245614767,0.09881488978862762,-0.0005372969317249954,-0.002257182030007243,0.0016886985395103693,0.0013752777595072985,0.0006233751191757619,2.703210338950157e-05,0.0027367386501282454,0.0003860673459712416,-0.00279810419306159,1.0
0.018929721787571907,0.018430447205901146,0.009495973587036133,0.020650094375014305,0.0031676567159593105,0.018809916451573372,-0.01159302145242691,0.002705705352127552,-0.0029475803021341562,0.012784110382199287,0.10036713629961014,0.0003660137008409947,-0.005195594392716885,0.002036048099398613,0.0021194955334067345,-0.00042969451169483364,-0.0008176735718734562,0.003991919104009867,-0.0004978876677341759,-0.0033424024004489183,1.0
0.018213065341114998,0.020331311970949173,0.020728817209601402,0.023854440078139305,0.0011676590656861663,0.013774878345429897,-0.011290853843092918,0.003357319626957178,0.0006246604607440531,0.0029607319738715887,0.09426005184650421,-0.00018831808120012283,-0.0020010247826576233,-8.441449608653784e-05,0.000522146001458168,0.0016318722628057003,0.0004217973619233817,0.001876228372566402,0.000651282723993063,-0.002828252036124468,1.0
0.015923840925097466,0.012875918298959732,0.019432637840509415,0.022037459537386894,0.0011411933228373528,0.014686167240142822,-0.007380860857665539,0.0007539688376709819,0.0035799855832010508,0.009404648095369339,0.10226079076528549,0.00030174432322382927,-0.0019114322494715452,0.0018316255882382393,0.002394790295511484,-4.638172686100006e-05,-0.0009372399072162807,0.0034854519180953503,0.00029033207101747394,-0.0030876663513481617,1.0
0.020436225458979607,0.020384978502988815,0.006797884125262499,0.023068197071552277,0.006060211453586817,0.017995189875364304,-0.017246967181563377,-0.0009586882661096752,0.003021052572876215,0.0087184002622962,0.10007874667644501,0.001263161888346076,-0.0038982504047453403,0.0013760883593931794,0.0014180279104039073,0.0001298440620303154,0.002102529862895608,0.005520470906049013,0.001410748460330069,-0.003573695430532098,1.0
0.010330365970730782,0.014931892976164818,0.01747197099030018,0.022162774577736855,0.003179084975272417,0.013204805552959442,-0.007027923129498959,0.003972103353589773,0.006952793803066015,0.003335291286930442,0.0967136025428772,0.0009456711704842746,-0.0011060379911214113,0.0001402297057211399,0.002019261009991169,0.002239337656646967,-0.0002898694947361946,0.0016143221873790026,0.0010881252819672227,-0.0028880643658339977,1.0
0.01389420684427023,0.018262162804603577,0.01681377738714218,0.027122633531689644,0.0028825695626437664,0.013256480917334557,-0.012731705792248249,-0.0019015218131244183,0.006882172543555498,0.005453236401081085,0.10147348791360855,0.0012624762021005154,-0.003278174204751849,0.0017666108906269073,0.002133895643055439,-0.0006477449787780643,-0.0002247900702059269,0.0046072667464613914,-1.9255909137427807e-05,-0.0028028516098856926,1.0
0.019198041409254074,0.020797772333025932,0.016278482973575592,0.028592979535460472,0.003166971495375037,0.014108438976109028,-0.015193985775113106,-0.0031245118007063866,0.0033626060467213392,0.005781191401183605,0.10081522166728973,0.0005988962366245687,-0.004125447943806648,0.001492809969931841,0.001139189349487424,-0.0010371642420068383,0.0001679244451224804,0.004495011642575264,-0.00023903325200080872,-0.0025926760863512754,1.0
0.020317958667874336,0.018937312066555023,0.014124489389359951,0.024198992177844048,0.0049892025999724865,0.015432372689247131,-0.011750500649213791,-0.0005874875350855291,0.0036166259087622166,0.005517039448022842,0.09849413484334946,2.8905458748340607e-05,-0.005870601627975702,0.0010586498538032174,0.0007908210973255336,-0.0011924378341063857,0.00013336678966879845,0.0035628667101264,-0.000493007421027869,-0.0028543865773826838,1.0
0.03042156621813774,0.028871634975075722,0.03190816193819046,0.025997864082455635,-0.005763223860412836,0.015251155942678452,-0.018130894750356674,-0.0021498934365808964,-0.007456062827259302,0.0003979606262873858,0.0961666852235794,-0.0004152757755946368,-0.002147729741409421,-0.0010220441035926342,-0.0015873872907832265,0.0012089492520317435,0.0005418916116468608,0.0023999076802283525,0.0013674497604370117,-0.00295386859215796,1.0
0.022289365530014038,0.02101380191743374,0.01455221138894558,0.026104893535375595,0.006049237214028835,0.016412403434515,-0.01713206060230732,-0.0006898808060213923,-0.0012775151990354061,0.007246008142828941,0.09741804748773575,-0.00026652542874217033,-0.006849931553006172,0.0015770517056807876,0.0001570461317896843,-0.0017120291013270617,0.0012056551640853286,0.0051038372330367565,-0.0009733818587847054,-0.0027185885701328516,1.0
0.020081408321857452,0.013695914298295975,0.016980120912194252,0.021304741501808167,0.0056631434708833694,0.01626378670334816,-0.009506461210548878,-0.0007122008828446269,0.005589831154793501,0.002211544895544648,0.09813273698091507,-0.0001807892695069313,-0.00679629435762763,0.0017350938869640231,0.0014808388659730554,-0.0006276321946643293,-0.00045512893120758235,0.0042728884145617485,-0.0006325473659671843,-0.004107204731553793,1.0
0.019619591534137726,0.01645601913332939,0.015505749732255936,0.02506941743195057,0.004655790515244007,0.016592958942055702,-0.01151979062706232,-0.0002916362136602402,0.0036104118917137384,0.007085869554430246,0.09704156965017319,-0.0002660234458744526,-0.006325948517769575,0.0014649248914793134,0.0010691126808524132,-0.0013876976445317268,-5.907006561756134e-05,0.00317527842707932,-0.00074893853161484,-0.0030842996202409267,1.0
0.023710841313004494,0.016281772404909134,0.01579425483942032,0.018524734303355217,-0.0006476164562627673,0.016741471365094185,-0.008478974923491478,0.0024355303030461073,-2.4721026420593262e-05,0.008558668196201324,0.0991554781794548,0.000385070190532133,-0.004792524967342615,0.0016999037470668554,0.0016579336952418089,-0.0005518374382518232,-0.0004360088787507266,0.00445255171507597,-7.536192424595356e-05,-0.004034064244478941,1.0
0.013993922621011734,0.018170541152358055,0.01225880067795515,0.024427317082881927,0.004261589143425226,0.01781216263771057,-0.011817941442131996,-0.0017735101282596588,0.0070542581379413605,0.00802858266979456,0.1013830304145813,8.413405157625675e-05,-0.004208230879157782,0.002010648138821125,0.0015993898268789053,-0.0009265036205761135,0.0015669899294152856,0.0041572339832782745,-3.373483195900917e-06,-0.0016036967281252146,1.0
0.01891685463488102,0.02066146396100521,0.013960403390228748,0.026333332061767578,0.0037429353687912226,0.014313356019556522,-0.013865610584616661,-4.48077917098999e-05,0.0035077680367976427,0.0038009362760931253,0.0970662459731102,0.0007184253772720695,-0.003905622288584709,0.0004167561128269881,0.000871800584718585,-6.518233567476273e-05,0.0005311127169989049,0.0034666371066123247,-6.661633960902691e-06,-0.0025504492223262787,1.0
0.008435860276222229,0.016579680144786835,0.016899239271879196,0.024292727932333946,0.00014101900160312653,0.01363289449363947,-0.010160530917346478,0.007031710352748632,0.008423114195466042,0.005563384387642145,0.0961557924747467,0.0008161061559803784,0.0006746427388861775,-0.00012007949408143759,0.0018245149403810501,0.0018800330581143498,0.0003521721519064158,0.0012113269185647368,0.0012091923272237182,-0.0019465823424980044,1.0
0.014906828291714191,0.011717677116394043,0.009132490493357182,0.019139787182211876,0.002682945691049099,0.01745491847395897,-0.0058152093552052975,0.0032938357908278704,0.0033334738109260798,0.012044481001794338,0.09746816754341125,-0.00027131778188049793,-0.0059876469895243645,0.0022387211211025715,0.0017315655713900924,-5.472172051668167e-05,0.001148525159806013,0.005142846144735813,-0.0005360331269912422,-0.003400178626179695,1.0
0.017795465886592865,0.014061160385608673,0.01669083535671234,0.023274123668670654,0.0016237837262451649,0.017071569338440895,-0.012438955716788769,0.0012329755118116736,0.0025229486636817455,0.0063827792182564735,0.09872409701347351,0.0009197917534038424,-0.004942707717418671,0.00137943378649652,0.0010507296537980437,0.000515156367328018,0.0004553685139399022,0.0051317764446139336,0.00027785327984020114,-0.003606952028349042,1.0
0.01992359384894371,0.02121565118432045,0.021397938951849937,0.02316456101834774,-0.0009757817606441677,0.01323030237108469,-0.009001970291137695,-0.003871650667861104,0.0003043775213882327,0.0067067258059978485,0.10132692754268646,2.92088370770216e-05,-0.0030722750816494226,0.0013737588888034225,0.0015436895191669464,0.0005706967203877866,-0.0013716892572119832,0.003474911442026496,0.00021908327471464872,-0.003599465824663639,1.0
0.01243666559457779,0.01979881338775158,0.019134007394313812,0.020753521472215652,0.007448346354067326,0.01051589660346508,-0.011675598099827766,0.0018318404909223318,0.006512788124382496,0.002067454857751727,0.09700863063335419,0.001319645089097321,-0.0006531402468681335,0.0003008726052939892,0.0021313438192009926,0.00121942104306072,2.3913569748401642e-05,0.0025316926185041666,0.0007212068885564804,-0.0026043232064694166,1.0
0.019852355122566223,0.023157963529229164,0.025201601907610893,0.02468673698604107,0.0024549958761781454,0.01402575895190239,-0.013664714060723782,0.0004570800520014018,-0.0010794901754707098,0.0026832548901438713,0.09883991628885269,0.0007433573482558131,-0.0013399458257481456,0.0006118181045167148,0.0010651039192453027,0.0007334210677072406,-0.0011971424100920558,0.00204055430367589,0.0010389928938820958,-0.0033846909645944834,1.0
0.024141812697052956,0.02541971765458584,0.022296544164419174,0.026267079636454582,0.0039266315288841724,0.012010647915303707,-0.011586438864469528,-0.0032414605375379324,3.931112587451935e-05,0.002860959153622389,0.09568905830383301,-0.0002976397518068552,-0.004118126817047596,-1.598149538040161e-05,0.00012274750042706728,-0.000984461628831923,-0.0009418611298315227,0.001367070130072534,-0.00022967893164604902,-0.0029164287261664867,1.0
0.019334033131599426,0.009571914561092854,0.020979462191462517,0.015856418758630753,-0.0004790429666172713,0.016191085800528526,-0.005506831221282482,-3.8741156458854675e-05,0.0016637769294902682,0.00922404509037733,0.10013969242572784,0.0010287802433595061,-0.004894135519862175,0.00119695661123842,0.0014168197521939874,0.0004537170461844653,-0.00012475578114390373,0.0053705512546002865,0.0003432820667512715,-0.004025293048471212,1.0
0.0215893741697073,0.011452823877334595,0.017526090145111084,0.017777131870388985,0.0023232088424265385,0.01434400025755167,-0.006458342541009188,-0.0073325177654623985,0.007490333169698715,0.007674003019928932,0.09796296805143356,-0.0010721643920987844,-0.008745649829506874,0.0017281788168475032,0.0020013805478811264,-0.0014613316161558032,-0.0006532956613227725,0.005961752030998468,-0.001719634048640728,-0.005078153684735298,1.0
0.017381183803081512,0.02302788943052292,0.013374769128859043,0.029596703127026558,0.0012354593491181731,0.013512984849512577,-0.013891195878386497,-0.002288220217451453,0.007671103812754154,0.0044702282175421715,0.10012505203485489,0.0008586503099650145,-0.0031859411392360926,0.0009533671545796096,0.0016377995489165187,-0.0012114666169509292,-1.0477844625711441e-05,0.003176914295181632,-0.00011020724195986986,-0.002119057346135378,1.0
0.011087598279118538,0.014623409137129784,0.005496520083397627,0.024551650509238243,-0.01225116103887558,0.01660166122019291,-0.008573700673878193,0.010163652710616589,0.01957061141729355,0.00772282388061285,0.0966675728559494,0.00013706251047551632,-0.0019779130816459656,0.001458120415918529,0.0028210424352437258,-0.0006142109050415456,0.00103006383869797,0.0037758678663522005,-0.0006704761181026697,-0.0019899243488907814,1.0
0.018453311175107956,0.016745127737522125,0.019930191338062286,0.023329148069024086,0.0020252810791134834,0.016241779550909996,-0.010611542500555515,-0.0008442046237178147,-0.0023077260702848434,0.007656286936253309,0.0994054526090622,-0.0001433459110558033,-0.006177383940666914,0.00129473558627069,0.0005067694582976401,0.0003496399149298668,0.0001432676799595356,0.004429368302226067,-9.678385686129332e-05,-0.003354129148647189,1.0
0.016363592818379402,0.01144872885197401,0.015911536291241646,0.022269492968916893,-5.129678174853325e-05,0.017171869054436684,-0.010026972740888596,0.0016588479047641158,0.004113538656383753,0.008391485549509525,0.09948691725730896,0.0006200300413183868,-0.005049919709563255,0.001936012296937406,0.0013966821134090424,0.0003934055275749415,0.0006118760793469846,0.005683829542249441,6.101431790739298e-05,-0.003645021701231599,1.0
0.014598963782191277,0.011325225234031677,0.012830188497900963,0.020268864929676056,-0.0013157675275579095,0.015321971848607063,-0.0021188915707170963,0.001190266921184957,0.0043702507391572,0.01304571982473135,0.10268735885620117,-0.00019706296734511852,-0.00453616539016366,0.0025956782046705484,0.0024101887829601765,-0.0012159518664702773,0.0005400608642958105,0.005487104877829552,-0.00043813904630951583,-0.0030455556698143482,1.0
0.024589065462350845,0.02226213924586773,0.017548613250255585,0.02295977808535099,0.00786232016980648,0.013966563157737255,-0.015776289626955986,-0.0042007374577224255,-0.0022497866302728653,0.0055827791802585125,0.09805529564619064,8.918321691453457e-05,-0.006386235356330872,0.0005781845538876951,2.4366425350308418e-05,-0.0009332184563390911,0.00023092841729521751,0.004352619405835867,-0.000647281645797193,-0.0029595212545245886,1.0
0.018982473760843277,0.019312256947159767,0.016599763184785843,0.024204393848776817,0.005035810638219118,0.014362368732690811,-0.014497323893010616,-0.00436417805030942,0.0014193837996572256,0.00928397849202156,0.09884677082300186,0.0005358796915970743,-0.007117774337530136,0.000897612888365984,0.00047351562534458935,-0.0005400226800702512,0.00018228869885206223,0.004771019797772169,-0.00026150280609726906,-0.0034822500310838223,1.0
0.015012138523161411,0.01855863630771637,0.006217488087713718,0.02247789315879345,0.00028161145746707916,0.016514062881469727,-0.012322595342993736,0.00788104347884655,0.00623839208856225,0.011386845260858536,0.09941361099481583,0.0003619533672463149,-0.002889111638069153,0.002078614430502057,0.0031758826225996017,-0.0015918617136776447,-0.0005456613725982606,0.003303676610812545,-0.0010538659989833832,-0.002248615026473999,1.0
0.013805701397359371,0.015886645764112473,0.01484444085508585,0.02541314624249935,0.002663796069100499,0.014073239639401436,-0.01117192953824997,0.0031861946918070316,0.005780005361884832,0.005609688349068165,0.09748253971338272,0.0006375361117534339,-0.00232880306430161,0.0008086565067060292,0.0017188515048474073,0.0007023167563602328,0.00019944598898291588,0.0029797067400068045,0.0002642160397954285,-0.002609213115647435,1.0
0.02735551819205284,0.01849120669066906,0.03005128912627697,0.025884056463837624,-0.010129441507160664,0.012589633464813232,-0.00808113906532526,-0.008289476856589317,0.002203321782872081,0.008463122881948948,0.10350609570741653,-0.0006261348607949913,-0.002890863921493292,0.0025260120164602995,0.0007143279653973877,-0.00040458791772834957,-0.0010705417953431606,0.0055440878495574,0.0003214641474187374,-0.004517192952334881,1.0
0.015267278999090195,0.016116913408041,0.020265761762857437,0.018828975036740303,0.006313808262348175,0.016154218465089798,-0.01147750299423933,0.004061618819832802,0.002138279378414154,0.0030297059565782547,0.09785370528697968,0.0016627814620733261,-0.0034082853235304356,0.0005707847303710878,0.001259795855730772,0.0013420340837910771,-0.0004881573549937457,0.0032508382573723793,0.0011759859044104815,-0.0038997933734208345,1.0
0.015022356063127518,0.024328162893652916,0.024012481793761253,0.03320732340216637,-0.004803869873285294,0.010814032517373562,-0.014741713181138039,-8.160807192325592e-05,0.008999626152217388,0.0038977765943855047,0.10021217912435532,5.913642235100269e-05,-0.0001695067621767521,0.0013756476109847426,0.0017575407400727272,-0.0008433356997556984,-0.001024338067509234,0.0019683653954416513,0.00017894839402288198,-0.0021666937973350286,1.0
0.02601121924817562,0.024271078407764435,0.02961450070142746,0.027020925655961037,-0.006666227709501982,0.013653527945280075,-0.011698710732161999,-0.004707081709057093,-0.0009733710321597755,0.004183534532785416,0.10093659162521362,-0.0005195440608076751,-0.0030682096257805824,0.0010784040205180645,2.156838309019804e-05,-0.00050467619439587,-0.000823282462079078,0.003575920592993498,0.0004979810328222811,-0.0035350883845239878,1.0
0.025543801486492157,0.0361495241522789,0.03374270349740982,0.03208983317017555,-0.006087880581617355,0.00812282133847475,-0.01609109714627266,-0.007020099088549614,0.00013207015581429005,-0.0039533209055662155,0.09802155941724777,-0.0004957198980264366,0.001725675887428224,-0.0006106038927100599,0.0003403984010219574,2.7854926884174347e-05,-0.0005410429439507425,0.0009486169437877834,0.0009680387447588146,-0.002050557639449835,1.0
0.022699881345033646,0.017939366400241852,0.015878526493906975,0.022496337071061134,0.002320855390280485,0.017134418711066246,-0.012377600185573101,0.002037077210843563,0.0014119802508503199,0.006114449352025986,0.09643880277872086,-0.0001442539505660534,-0.006256714928895235,8.03463626652956e-06,-0.0003568178217392415,-0.0005362461670301855,0.000501503876876086,0.003131813369691372,-0.000148551887832582,-0.0028404153417795897,1.0
0.022229604423046112,0.020565791055560112,0.017751287668943405,0.035543445497751236,-0.009020369499921799,0.007601199671626091,-0.015123910270631313,-0.004803667310625315,0.01723373681306839,-0.002581741428002715,0.10156586021184921,0.0015941883902996778,-0.0008709686808288097,0.0035820179618895054,0.0054634385742247105,-0.0016829932574182749,-0.004321478307247162,0.005439474247395992,-0.001572624547407031,-0.005061102099716663,1.0
0.018833091482520103,0.008448506705462933,0.016249921172857285,0.02086251974105835,-0.0018094618571922183,0.015032434836030006,-0.005607276223599911,-0.0032251961529254913,0.006481569726020098,0.008010981604456902,0.10165544599294662,0.0010704909218475223,-0.00451755803078413,0.0018234405433759093,0.0018114009872078896,0.0008132297662086785,3.760913386940956e-05,0.006410012952983379,0.00027877907268702984,-0.004146568011492491,1.0
0.020100660622119904,0.01846671663224697,0.015905724838376045,0.025375664234161377,0.0055530178360641,0.016811029985547066,-0.016016753390431404,0.0006182938232086599,-0.0025994221214205027,0.006528214085847139,0.09890944510698318,0.0010134723270311952,-0.004421179182827473,0.0015631158603355289,0.001494272262789309,-0.0004686098254751414,-0.0002700788900256157,0.004648332484066486,-0.00030680710915476084,-0.00328405131585896,1.0
0.013592354953289032,0.01733451709151268,0.015965094789862633,0.028478577733039856,0.0041730571538209915,0.013105669990181923,-0.015473048202693462,0.0002901144325733185,0.008256281726062298,0.004164145328104496,0.09812664985656738,0.00048196103307418525,-0.002741339849308133,0.0010046527022495866,0.0015652583679184318,6.160978227853775e-05,0.0005708298995159566,0.0036481134593486786,-0.00024389976169914007,-0.0020887614227831364,1.0
0.012055175378918648,0.01352094765752554,0.01364709809422493,0.025662990286946297,-0.005096042528748512,0.011622656136751175,-0.0050504375249147415,0.009464656002819538,0.010278452187776566,0.005170559976249933,0.09814610332250595,-0.001533346250653267,-0.0014503240818157792,0.0016464722575619817,0.0014394392492249608,0.001042229705490172,0.0011461677495390177,0.0034316848032176495,-5.7730707339942455e-05,-0.002253674902021885,1.0
0.023128805682063103,0.03046063520014286,0.031038351356983185,0.031102431938052177,-0.003259754041209817,0.008281593210995197,-0.013185680843889713,-0.00490514375269413,0.0006615002639591694,0.0013573496835306287,0.0974048599600792,-0.0006137561867944896,-0.00030953530222177505,0.0005341402138583362,0.0002823580871336162,0.00015158671885728836,-0.0009648252162151039,0.0012702273670583963,0.0006938922451809049,-0.002908805850893259,1.0
0.018757078796625137,0.015250162221491337,0.01582726463675499,0.020378179848194122,0.0056900754570961,0.017039600759744644,-0.009344175457954407,0.002480647061020136,-0.00047826996888034046,0.00708988169208169,0.09713000804185867,-4.043080843985081e-05,-0.006120240315794945,0.0004240751441102475,0.00014198373537510633,0.00035551373730413616,0.0003940304450225085,0.0031865735072642565,0.000205508666113019,-0.0032485907431691885,1.0
0.010434985160827637,0.01736954227089882,0.01633516699075699,0.023829612880945206,0.0002535153180360794,0.014132509008049965,-0.01104555744677782,0.005336794536560774,0.004528655670583248,0.004541154485195875,0.09637081623077393,0.0007061240030452609,-0.0007336748531088233,0.0011584418825805187,0.0024059973657131195,0.0022837554570287466,0.00032467395067214966,0.0031933654099702835,0.0005953228683210909,-0.00289193750359118,1.0
0.019203370437026024,0.01683955080807209,0.014095465652644634,0.02157735638320446,0.00038440708885900676,0.016415871679782867,-0.009174970909953117,0.0003883428580593318,0.0007825790089555085,0.01295308768749237,0.10348937660455704,0.000989216729067266,-0.003677310422062874,0.0022664314601570368,0.002856508595868945,-0.0024203360080718994,-0.0008620491717010736,0.004623961169272661,-0.000576954975258559,-0.0028525737579911947,1.0
0.018540887162089348,0.015520390123128891,0.013077201321721077,0.018737131729722023,0.005060486029833555,0.01897619292140007,-0.010121691972017288,0.0017203112365677953,0.00016651535406708717,0.008879494853317738,0.09876370429992676,0.00043022396857850254,-0.005720264278352261,0.000768020807299763,0.0004990684101358056,0.0008803398814052343,0.0005128990742377937,0.003887833096086979,0.000841244647745043,-0.003735398640856147,1.0
0.02180095575749874,0.016929104924201965,0.021879563108086586,0.02614612691104412,-0.0047646923922002316,0.01206622552126646,-0.009462017565965652,-0.004577053245157003,0.00489224074408412,0.0050501748919487,0.10021451860666275,0.0002380248624831438,-0.0017380953067913651,0.0014950854238122702,0.001464478555135429,0.0006786620942875743,-1.2162607163190842e-05,0.004942633677273989,0.0003207630943506956,-0.0034348955377936363,1.0
0.016601333394646645,0.017860466614365578,0.016336608678102493,0.026713863015174866,0.003744210349395871,0.01409967802464962,-0.013269282877445221,-0.0009644568781368434,0.003914096858352423,0.005128686781972647,0.10002320259809494,0.0007934787427075207,-0.0030025062151253223,0.0017446588026359677,0.002098070690408349,-0.0002850117161870003,-0.00019674841314554214,0.004297846462577581,-0.00016915122978389263,-0.0029252683743834496,1.0
0.01547942403703928,0.011265182867646217,0.008226540870964527,0.028661031275987625,-0.0008622196037322283,0.016707077622413635,-0.015196604654192924,0.010471465066075325,0.011646633967757225,0.009869834408164024,0.09411277621984482,-0.0011588563211262226,-0.0058624474331736565,0.0009798301616683602,0.0003126236260868609,-0.0015200187917798758,0.001472554518841207,0.00316300499252975,-0.0012887174962088466,-0.001867458107881248,1.0
0.016356684267520905,0.012926689349114895,0.01896815560758114,0.022261569276452065,0.0030763396061956882,0.016651054844260216,-0.012013365514576435,0.0017964205471798778,0.004967678338289261,0.002245508134365082,0.09718536585569382,0.001277255010791123,-0.004910761956125498,0.0010891794227063656,0.001512293703854084,0.0010430800030007958,-0.00039308748091571033,0.004304463043808937,0.0002881427062675357,-0.004054225515574217,1.0
0.014238070696592331,0.01674964278936386,0.017925860360264778,0.020873310044407845,0.005389665253460407,0.01581287942826748,-0.012462464161217213,0.004543036688119173,0.0029695266857743263,0.004498335998505354,0.09709939360618591,0.0011025986168533564,-0.0034818018320947886,0.0010332289384678006,0.0014175869291648269,0.0007863951032049954,0.00026475870981812477,0.0036729706916958094,0.0005858722724951804,-0.0033507647458463907,1.0
0.009373200125992298,0.016217606142163277,0.015550771728157997,0.0269295796751976,0.0008861676324158907,0.011949273757636547,-0.009010287001729012,0.00010068900883197784,0.009696519933640957,0.006654263008385897,0.10192873328924179,0.0008783398661762476,-0.00043560852645896375,0.0019276969833299518,0.002993027213960886,0.0005600768490694463,-2.175942063331604e-05,0.0036853381898254156,0.00047318151337094605,-0.0023555487859994173,1.0
0.01856827177107334,0.015806883573532104,0.012054954655468464,0.021534550935029984,0.004810405895113945,0.020098673179745674,-0.015604054555296898,-0.0037472874391824007,0.0015341824619099498,0.008127601817250252,0.10283804684877396,0.0010608395095914602,-0.004895766265690327,0.0014230511151254177,0.0008912601042538881,0.00019103940576314926,0.0017600199207663536,0.006861689500510693,0.0004663995641749352,-0.0028605915140360594,1.0
0.01871069334447384,0.015814118087291718,0.015529606491327286,0.02336748316884041,0.005298602394759655,0.016384299844503403,-0.012116835452616215,0.0013290896313264966,0.002023921813815832,0.004626257810741663,0.09729411453008652,7.326947525143623e-05,-0.005660507827997208,0.0013434988213703036,0.0010735030518844724,-0.00020722392946481705,0.0003268774598836899,0.004202056676149368,-0.00040931496187113225,-0.0033328693825751543,1.0
0.013668214902281761,0.014987422153353691,0.01605251058936119,0.021603085100650787,0.0033013932406902313,0.015403855592012405,-0.00825929082930088,0.003131435252726078,0.004996245726943016,0.005281077232211828,0.09790948778390884,0.0010596142383292317,-0.0035075091291218996,0.00022583245299756527,0.001257652067579329,0.001218906487338245,-0.0002193329855799675,0.0024614513386040926,0.0008547186153009534,-0.003087807446718216,1.0
0.008695553056895733,0.012837426736950874,0.012455295771360397,0.017160948365926743,0.0028260154649615288,0.016860071569681168,-0.006363563239574432,0.007676891982555389,0.004518868401646614,0.007989455945789814,0.09823539108037949,0.0008566773030906916,-0.002731629414483905,0.0014942046254873276,0.003027029102668166,0.0019001476466655731,-0.0008023551781661808,0.0029696973506361246,0.00036744397948496044,-0.003528725355863571,1.0
0.02014497108757496,0.020042603835463524,0.015113882720470428,0.024382801726460457,0.003348246682435274,0.01654069870710373,-0.015201239846646786,-0.0010363660985603929,0.0054580168798565865,0.004971093498170376,0.0992046445608139,-0.0002955340314656496,-0.00678145932033658,0.0020345663651823997,0.0009021951118484139,-0.0021083911415189505,0.0009654845925979316,0.0053757354617118835,-0.0010839087190106511,-0.002856313018128276,1.0
0.014650004915893078,0.01130862720310688,0.019197601824998856,0.02091890573501587,-0.004155292175710201,0.013030070811510086,-0.0036102787125855684,0.0011519859544932842,0.006639379076659679,0.007941006682813168,0.10006222873926163,0.0012546629877761006,-0.0001409108517691493,0.0008331102435477078,0.002680039731785655,0.000926512002479285,-0.00010242778807878494,0.0036615035496652126,0.0007761933375149965,-0.0028270739130675793,1.0
0.015286257490515709,0.015046271495521069,0.020818626508116722,0.017677582800388336,0.005070543382316828,0.015312006697058678,-0.011320075020194054,0.004099512007087469,0.002000839449465275,0.005544199608266354,0.09680842608213425,0.0006379368132911623,-0.004437004681676626,0.0010037486208602786,0.0012964028865098953,0.000630791240837425,0.00019987951964139938,0.003940458409488201,0.0001720136497169733,-0.0034512286074459553,1.0
0.02235054410994053,0.016362730413675308,0.015605161897838116,0.02132689394056797,0.004459491465240717,0.01625090092420578,-0.013037724420428276,-0.0027513918466866016,0.0005320871132425964,0.00505819683894515,0.10147979110479355,0.0010262937285006046,-0.004644651897251606,0.0014412029413506389,0.00144576549064368,0.0002944543957710266,-0.0003659608482848853,0.005170910619199276,5.4011354222893715e-05,-0.003333061235025525,1.0
0.018654141575098038,0.012621616944670677,0.013909449800848961,0.023804018273949623,-0.0014694476267322898,0.016710709780454636,-0.011458567343652248,-0.0002622995525598526,0.007495988626033068,0.006185527425259352,0.10055577754974365,3.7195393815636635e-05,-0.0059227352030575275,0.0034921637270599604,0.002438640221953392,-0.0010955906473100185,0.0005995879764668643,0.007414265535771847,-0.0011900363024324179,-0.00388575391843915,1.0
0.018031826242804527,0.018160909414291382,0.014891418628394604,0.024335306137800217,0.006354328244924545,0.014928760938346386,-0.012073058634996414,9.76119190454483e-05,0.0007309950888156891,0.005758512299507856,0.09826434403657913,0.0006671041483059525,-0.003902968019247055,0.0006454588146880269,0.00115870195440948,0.00016682222485542297,-6.441492587327957e-06,0.0032287081703543663,0.00014470075257122517,-0.002851272700354457,1.0
